"Description: ","Mean monthly difference between daily TX and daily TN"
"Station: ","sydney"
"Latitude: ","0"
"Longitude: ","0"
"Base period: ","1971 - 2000"
"ClimPACT_version: ","2.0.0"
"Date_of_calculation: ","2017-11-08"
time, dtr, normalised (all years)
1936-01, 6.17241379310345, -1.62378237877498
1936-02, 5.85172413793103, -1.90747356333047
1936-03, 7.50645161290323, -0.443654603411162
1936-04, 8.57, 0.497190531132826
1936-05, 9.6, 1.40835780883952
1936-06, 9.50666666666667, 1.32579248917678
1936-07, 9.03870967741936, 0.911824434830865
1936-08, 9.55806451612903, 1.37126048779289
1936-09, 10.09, 1.84182573706892
1936-10, 9.39354838709677, 1.2257248436869
1936-11, 9.51666666666667, 1.33463877342636
1936-12, 6.56129032258065, -1.27977114700045
1937-01, 7.41612903225806, -0.523556525665436
1937-02, 6.45, -1.37822172977804
1937-03, 7.56129032258065, -0.395142722042499
1937-04, 7.43333333333333, -0.508337111902717
1937-05, 9.10322580645161, 0.968897236441048
1937-06, 6.39666666666667, -1.42540191244246
1937-07, 9.62903225806452, 1.43404056956411
1937-08, 8.95483870967742, 0.837629792737613
1937-09, 9.78620689655173, 1.57308172245238
1937-10, 6.2, -1.59937883601752
1937-11, 6.70666666666667, -1.15116710070549
1937-12, 6.88387096774194, -0.9944071389495
1938-01, 7.07096774193548, -0.828896014279955
1938-02, 7.71071428571429, -0.262958036884612
1938-03, 7.38064516129032, -0.554946566551039
1938-04, 8.14333333333333, 0.11974906981743
1938-05, 7.88064516129032, -0.112632354072062
1938-06, 10.1666666666667, 1.90964724964905
1938-07, 9.23870967741935, 1.08875011982245
1938-08, 8.71612903225807, 0.626460426779913
1938-09, 8.88666666666667, 0.777322865702848
1938-10, 7.65161290322581, -0.315240799788234
1938-11, 7.28, -0.643980137062934
1938-12, 9.31290322580645, 1.15438384167417
1939-01, 7.26333333333333, -0.658723944145569
1939-02, 7.53571428571429, -0.417768011252254
1939-03, 5.42258064516129, -2.28710609542032
1939-04, 6.96666666666667, -0.921163710216423
1939-05, 8.5, 0.435266541385769
1939-06, 8.71666666666667, 0.626936033459996
1939-07, 9.19354838709677, 1.04879915869531
1939-08, 9.98064516129032, 1.74508733833964
1939-09, 9.79666666666667, 1.58233473241459
1939-10, 7.93225806451613, -0.0669741127839065
1939-11, 8.03333333333333, 0.0224399430720544
1939-12, 9.01290322580645, 0.888995314186783
1940-01, 7.95483870967742, -0.0469986322203407
1940-02, 7.45172413793103, -0.492068083397745
1940-03, 8.29354838709677, 0.252633576233156
1940-04, 7.27, -0.652826421312514
1940-05, 8.12258064516129, 0.101390651966155
1940-06, 9.19666666666667, 1.05155767743981
1940-07, 9.39677419354839, 1.22857848376742
1940-08, 9.66451612903226, 1.46543061044971
1940-09, 9.79, 1.57643720958153
1940-10, 8.88387096774193, 0.774849710966398
1940-11, 7.94, -0.0601253765906844
1940-12, 7.18064516129032, -0.73187225154263
1941-01, 6.01935483870968, -1.75918268052605
1941-02, 6.97142857142857, -0.916951193907104
1941-03, 7.26129032258064, -0.660531249529894
1941-04, 8.06, 0.0460300344042702
1941-05, 9.30322580645161, 1.14582292143264
1941-06, 8.53333333333333, 0.464754155551031
1941-07, 9.06774193548387, 0.937507195555445
1941-08, 9.62903225806452, 1.43404056956411
1941-09, 9.87333333333333, 1.65015624499469
1941-10, 8.67741935483871, 0.592216745813794
1941-11, 8.37, 0.320264846141235
1941-12, 7.88387096774194, -0.109778713991547
1942-01, 8.05483870967742, 0.0414642102754544
1942-02, 6.03571428571429, -1.74471064868918
1942-03, 6.79677419354839, -1.07145542112326
1942-04, 8.29333333333333, 0.252443333561122
1942-05, 8.05483870967742, 0.0414642102754544
1942-06, 7.31, -0.617441284314196
1942-07, 7.51612903225806, -0.435093683169641
1942-08, 9.85806451612903, 1.63664901528028
1942-09, 10.1833333333333, 1.92439105673163
1942-10, 7.69677419354839, -0.2752898386611
1942-11, 7.78, -0.201665924583957
1942-12, 7.48709677419355, -0.460776443894221
1943-01, 7.15483870967742, -0.754701372186703
1943-02, 8.45714285714286, 0.39735389460186
1943-03, 6.8, -1.06860178104275
1943-04, 9.07666666666667, 0.945402266444859
1943-05, 7.1258064516129, -0.780384132911292
1943-06, 7.74333333333333, -0.234102300165752
1943-07, 8.98064516129032, 0.860458913381687
1943-08, 7.3, -0.626287568563775
1943-09, 7.81666666666667, -0.169229549002163
1943-10, 7.44193548387097, -0.500727405021354
1943-11, 6.51, -1.32514402428056
1943-12, 6.51290322580645, -1.3225757482081
1944-01, 7.14193548387097, -0.76611593250874
1944-02, 7.8551724137931, -0.13516627056988
1944-03, 7.71935483870968, -0.255314358097534
1944-04, 9.26, 1.10758414435381
1944-05, 7.81935483870968, -0.166851515601739
1944-06, 7.98333333333333, -0.0217914781758431
1944-07, 8.19032258064516, 0.161317093656854
1944-08, 7.50967741935484, -0.440800963330655
1944-09, 9.57666666666667, 1.38771647892384
1944-10, 9.78709677419355, 1.57386893350907
1944-11, 9.47333333333333, 1.29630487501151
1944-12, 8.62258064516129, 0.543704864445132
1945-01, 6.40967741935484, -1.4138922307844
1945-02, 7.00357142857143, -0.888516708819167
1945-03, 7.74838709677419, -0.229631597372954
1945-04, 8.03333333333333, 0.0224399430720544
1945-05, 8.35161290322581, 0.303999097682334
1945-06, 5.77333333333333, -1.97682029733292
1945-07, 8, -0.0070476710932075
1945-08, 8.63548387096774, 0.555119424767167
1945-09, 10.1266666666667, 1.87426211265074
1945-10, 8.53225806451613, 0.463802942190865
1945-11, 8.97333333333333, 0.85399066253253
1945-12, 7.8258064516129, -0.161144235440725
1946-01, 7.67096774193548, -0.298118959305183
1946-02, 6.88571428571429, -0.992776487474924
1946-03, 7.41935483870968, -0.52070288558492
1946-04, 6.59, -1.25437375028392
1946-05, 8.97741935483871, 0.85760527330118
1946-06, 8.12, 0.0991077399017462
1946-07, 9.34516129032258, 1.18292024247926
1946-08, 10.9451612903226, 2.59832572241201
1946-09, 9.62666666666667, 1.43194790017173
1946-10, 8.92258064516129, 0.809093391932517
1946-11, 8.2, 0.169878013898383
1946-12, 7.9, -0.0955105135890025
1947-01, 7.11612903225806, -0.788945053152822
1947-02, 5.68571428571429, -2.05433059742447
1947-03, 6.86774193548387, -1.00867533935205
1947-04, 7.58666666666667, -0.372694086742492
1947-05, 8.26129032258065, 0.224097175428069
1947-06, 9.11666666666667, 0.980787403443177
1947-07, 9.23870967741935, 1.08875011982245
1947-08, 9.22258064516129, 1.0744819194199
1947-09, 9.53, 1.34643381909246
1947-10, 9.14516129032258, 1.00599455748767
1947-11, 6.98333333333333, -0.906419903133797
1947-12, 7.00645161290323, -0.885968815890139
1948-01, 6.61612903225806, -1.2312592656318
1948-02, 6.6448275862069, -1.20587170905347
1948-03, 7.53225806451613, -0.420825482767088
1948-04, 7.24333333333333, -0.676416512644729
1948-05, 9.17096774193548, 1.02882367813175
1948-06, 7, -0.891676096051161
1948-07, 9.79354838709677, 1.57957621367009
1948-08, 10.8483870967742, 2.51271651999671
1948-09, 9.31333333333333, 1.15476432701824
1948-10, 10.941935483871, 2.59547208233151
1948-11, 6.76428571428571, -1.10019565336268
1948-12, 7.34516129032258, -0.586336607436642
1949-01, 6.91612903225806, -0.965870738144413
1949-02, 7.675, -0.294551909204543
1949-03, 5.63225806451613, -2.1016194901872
1949-04, 8.34333333333333, 0.29667475480902
1949-05, 7.84516129032258, -0.144022394957665
1949-06, 6.86, -1.01552407554527
1949-07, 9.66451612903226, 1.46543061044971
1949-08, 9.43548387096774, 1.26282216473353
1949-09, 7.75333333333333, -0.225256015916172
1949-10, 8.92258064516129, 0.809093391932517
1949-11, 7.63793103448276, -0.327344169784879
1949-12, 7.89032258064516, -0.104071433830533
1950-01, 7.48064516129032, -0.466483724055244
1950-02, 5.91785714285714, -1.84897042734495
1950-03, 6.08387096774194, -1.70210987891586
1950-04, 7.36, -0.573209863066298
1950-05, 7.28709677419355, -0.637702128885811
1950-06, 5.46333333333333, -2.25105510906989
1950-07, 6.18709677419355, -1.61079339633956
1950-08, 8.75161290322581, 0.657850467665516
1950-09, 9.29, 1.13412299710255
1950-10, 7.28064516129032, -0.643409409046835
1950-11, 6.75, -1.11283320229065
1950-12, 7.43225806451613, -0.509288325262883
1951-01, 5.67096774193548, -2.06737580922109
1951-02, 6.76428571428571, -1.10019565336268
1951-03, 6.95483870967742, -0.931627057178294
1951-04, 8.96, 0.842195616866429
1951-05, 8.50322580645161, 0.438120181466276
1951-06, 6.15, -1.64361025726542
1951-07, 9.20645161290323, 1.06021371901736
1951-08, 9.27741935483871, 1.12299380078857
1951-09, 9.29333333333333, 1.13707175851908
1951-10, 9.7741935483871, 1.56245437318704
1951-11, 9.33, 1.16950813410087
1951-12, 8.14516129032258, 0.121366132529721
1952-01, 7.87741935483871, -0.115485994152569
1952-02, 6.8, -1.06860178104275
1952-03, 7.68387096774194, -0.286704398983137
1952-04, 7.32333333333333, -0.605646238648093
1952-05, 7.41290322580645, -0.526410165745943
1952-06, 8.13, 0.107954024151327
1952-07, 8.06129032258064, 0.0471714904364682
1952-08, 7.42903225806452, -0.51214196534339
1952-09, 10.09, 1.84182573706892
1952-10, 7.64516129032258, -0.320948079949256
1952-11, 8.22, 0.187570582397543
1952-12, 6.80967741935484, -1.06004086080122
1953-01, 6.28064516129032, -1.52803783400479
1953-02, 6.25714285714286, -1.54882864030564
1953-03, 7.03225806451613, -0.863139695246065
1953-04, 8.22, 0.187570582397543
1953-05, 8.19032258064516, 0.161317093656854
1953-06, 8.36333333333333, 0.314367323308179
1953-07, 9.29354838709677, 1.13726200119111
1953-08, 9.32258064516129, 1.1629447619157
1953-09, 9.27, 1.11643042860339
1953-10, 8.01612903225806, 0.00722052930933659
1953-11, 9.23666666666667, 1.08694281443813
1953-12, 8.65806451612903, 0.575094905330735
1954-01, 5.89354838709677, -1.87047464366593
1954-02, 6.91785714285714, -0.964342002386995
1954-03, 7.99354838709677, -0.01275495125423
1954-04, 8.34, 0.293725993392497
1954-05, 8.01612903225806, 0.00722052930933659
1954-06, 8.57333333333333, 0.50013929254935
1954-07, 8.41935483870968, 0.363925539373033
1954-08, 9.33870967741935, 1.17721296231824
1954-09, 8.12, 0.0991077399017462
1954-10, 8.22903225806452, 0.195560774622972
1954-11, 7.46333333333333, -0.481798259153979
1954-12, 6.18387096774194, -1.61364703642007
1955-01, 6.60967741935484, -1.23696654579281
1955-02, 6.29285714285714, -1.51723476798572
1955-03, 6.34193548387097, -1.4738186724751
1955-04, 6.69, -1.16591090778813
1955-05, 7.94516129032258, -0.0555595524618701
1955-06, 7.14333333333333, -0.764879355140524
1955-07, 8.68709677419355, 0.600777666055324
1955-08, 9.20967741935484, 1.06306735909787
1955-09, 9.43666666666667, 1.26386849942972
1955-10, 8.71290322580645, 0.623606786699397
1955-11, 9.82333333333333, 1.60592482374679
1955-12, 7.38709677419355, -0.549239286390017
1956-01, 6.8741935483871, -1.00296805919103
1956-02, 5.47931034482759, -2.23692139055618
1956-03, 5.53548387096774, -2.18722869260249
1956-04, 8.66666666666667, 0.582704612212097
1956-05, 7.33225806451613, -0.597751167758679
1956-06, 7.41333333333333, -0.526029680401876
1956-07, 8.80967741935484, 0.709215989114685
1956-08, 9.17741935483871, 1.03453095829277
1956-09, 8.58333333333333, 0.508985576798929
1956-10, 8.66774193548387, 0.583655825572263
1956-11, 9.61333333333333, 1.42015285450562
1956-12, 8.69677419354839, 0.609338586296852
1957-01, 6.47741935483871, -1.3539657890937
1957-02, 5.65, -2.0859244697444
1957-03, 7.46774193548387, -0.47789828437728
1957-04, 8.39666666666667, 0.34385493747345
1957-05, 11.2548387096774, 2.87227517014089
1957-06, 9.90666666666667, 1.67964385915996
1957-07, 8.21, 0.178724298147964
1957-08, 7.76774193548387, -0.212509756889894
1957-09, 9.25666666666667, 1.10463538293729
1957-10, 8.39032258064516, 0.338242778648444
1957-11, 10.6266666666667, 2.31657632512971
1957-12, 9.41290322580645, 1.24284668416996
1958-01, 6.59677419354839, -1.24838110611485
1958-02, 7.74642857142857, -0.23136416456469
1958-03, 7.70645161290323, -0.266728918419571
1958-04, 7.15666666666667, -0.753084309474412
1958-05, 8.8741935483871, 0.766288790724877
1958-06, 7.57666666666667, -0.381540370992072
1958-07, 8.47096774193548, 0.40958378066118
1958-08, 7.8, -0.183973356084798
1958-09, 8.22333333333333, 0.190519343814065
1958-10, 9.21935483870968, 1.0716282793394
1958-11, 8.12666666666667, 0.105005262734803
1958-12, 6.3741935483871, -1.44528227167001
1959-01, 5.99677419354839, -1.77915816108962
1959-02, 6.85714285714286, -1.01805158533087
1959-03, 6.68064516129032, -1.17418646402161
1959-04, 7.67, -0.298975051329332
1959-05, 8.42258064516129, 0.36677917945354
1959-06, 8.64, 0.559114520879883
1959-07, 8.28064516129032, 0.241219015911119
1959-08, 9.14838709677419, 1.00884819756818
1959-09, 8.03333333333333, 0.0224399430720544
1959-10, 7.33548387096774, -0.594897527678172
1959-11, 6.81666666666667, -1.05385797396012
1959-12, 7.41612903225806, -0.523556525665436
1960-01, 8.43870967741936, 0.381047379856094
1960-02, 7.15862068965517, -0.751355725195763
1960-03, 7.25483870967742, -0.666238529690908
1960-04, 9.05, 0.921812175112644
1960-05, 7.93870967741935, -0.0612668326228926
1960-06, 7.28666666666667, -0.638082614229878
1960-07, 8.30645161290323, 0.264048136555201
1960-08, 9.17096774193548, 1.02882367813175
1960-09, 8.42, 0.364496267389133
1960-10, 8.86451612903226, 0.757727870483348
1960-11, 8.13333333333333, 0.110902785567849
1960-12, 6.71935483870968, -1.13994278305549
1961-01, 7.51290322580645, -0.437947323250148
1961-02, 7.27142857142857, -0.651562666419718
1961-03, 8.24516129032258, 0.209828975025516
1961-04, 7.53666666666667, -0.41692550799039
1961-05, 8.80322580645161, 0.703508708953663
1961-06, 8.18666666666667, 0.158082968232279
1961-07, 8.45483870967742, 0.395315580258636
1961-08, 8.20967741935484, 0.178438934139913
1961-09, 8.98, 0.859888185365587
1961-10, 8.37096774193548, 0.321120938165385
1961-11, 6.55666666666667, -1.28386136444918
1961-12, 6.79032258064516, -1.07716270128428
1962-01, 6.39677419354839, -1.42530679110644
1962-02, 7.56785714285714, -0.389333526164325
1962-03, 7.95483870967742, -0.0469986322203407
1962-04, 8.24, 0.205263150896702
1962-05, 7.7, -0.272436198580593
1962-06, 9.31333333333333, 1.15476432701824
1962-07, 8.99677419354839, 0.874727113784239
1962-08, 8.27096774193548, 0.23265809566959
1962-09, 9.25333333333333, 1.10168662152076
1962-10, 9.36451612903226, 1.20004208296232
1962-11, 8.59, 0.514883099631985
1962-12, 6.50967741935484, -1.32542938828861
1963-01, 6.98709677419355, -0.903090656373197
1963-02, 7.82142857142857, -0.165017032692843
1963-03, 6.5, -1.33399030853014
1963-04, 8.56, 0.488344246883247
1963-05, 6.79032258064516, -1.07716270128428
1963-06, 7.37666666666667, -0.558466055983663
1963-07, 7.66129032258065, -0.306679879546703
1963-08, 8.34516129032258, 0.298291817521311
1963-09, 9.56333333333333, 1.37592143325772
1963-10, 7.25483870967742, -0.666238529690908
1963-11, 7.49, -0.458208167821764
1963-12, 7.69354838709677, -0.278143478741617
1964-01, 8.21612903225806, 0.184146214300927
1964-02, 6.78275862068965, -1.08385399526617
1964-03, 7.11290322580645, -0.791798693233329
1964-04, 7.38666666666667, -0.549619771734082
1964-05, 9.39032258064516, 1.2228712036064
1964-06, 7.97, -0.0335865238419463
1964-07, 8.90967741935484, 0.79767883161048
1964-08, 9.99354838709677, 1.75650189866168
1964-09, 9.30333333333333, 1.14591804276866
1964-10, 8.79354838709677, 0.694947788712133
1964-11, 8.03333333333333, 0.0224399430720544
1964-12, 8.79677419354839, 0.697801428792649
1965-01, 6.11290322580645, -1.67642711819128
1965-02, 6.78571428571429, -1.08123932997072
1965-03, 8.94838709677419, 0.831922512576591
1965-04, 8.19666666666667, 0.16692925248186
1965-05, 9.70967741935484, 1.50538157157684
1965-06, 9.46666666666667, 1.29040735217846
1965-07, 9.21, 1.06335272310592
1965-08, 8.62258064516129, 0.543704864445132
1965-09, 8.50333333333333, 0.438215302802293
1965-10, 7.96333333333333, -0.0394840466750018
1965-11, 8.42666666666667, 0.370393790222188
1965-12, 6.56451612903226, -1.27691750691995
1966-01, 7.05161290322581, -0.846017854763005
1966-02, 7.04444444444444, -0.852359277164145
1966-03, 7.58064516129032, -0.378020881559448
1966-04, 8.56, 0.488344246883247
1966-05, 9.7741935483871, 1.56245437318704
1966-06, 9.06, 0.930658459362224
1966-07, 8.81935483870968, 0.717776909356215
1966-08, 8.39677419354839, 0.343950058809467
1966-09, 8.15666666666667, 0.131544115483541
1966-10, 7.26451612903226, -0.657677609449378
1966-11, 8.73333333333333, 0.641679840542623
1966-12, 6.94516129032258, -0.940187977419824
1967-01, 7.7258064516129, -0.24960707793652
1967-02, 6.26666666666667, -1.54040360768699
1967-03, 7.22333333333333, -0.694109081143888
1967-04, 7.62666666666667, -0.337308949744174
1967-05, 8.46774193548387, 0.406730140580673
1967-06, 5.36666666666667, -2.33656919014915
1967-07, 8.73225806451613, 0.640728627182455
1967-08, 8.25806451612903, 0.221243535347553
1967-09, 9.22666666666667, 1.07809653018855
1967-10, 6.98064516129032, -0.908797936534221
1967-11, 8.45, 0.391035120137871
1967-12, 7.85161290322581, -0.138315114796643
1968-01, 6.28709677419355, -1.52233055384377
1968-02, 7.39310344827586, -0.543925611757347
1968-03, 7.43870967741935, -0.503581045101869
1968-04, 9.13333333333333, 0.995531210525803
1968-05, 8.22666666666667, 0.193468105230598
1968-06, 8.13666666666667, 0.113851546984383
1968-07, 9.10967741935484, 0.974604516602071
1968-08, 9.16129032258065, 1.02026275789023
1968-09, 9.62333333333333, 1.4289991387552
1968-10, 10.3806451612903, 2.0989387083228
1968-11, 9.44, 1.26681726084625
1968-12, 6.91290322580645, -0.96872437822492
1969-01, 7.54838709677419, -0.406557282364544
1969-02, 6.21785714285714, -1.58358189985756
1969-03, 7.18387096774194, -0.729018611462114
1969-04, 9.4, 1.23143212384793
1969-05, 8.09677419354839, 0.0785615313220806
1969-06, 8.20333333333333, 0.172826775314906
1969-07, 9.28709677419355, 1.1315547210301
1969-08, 8.33870967741935, 0.292584537360289
1969-09, 8.16333333333333, 0.137441638316589
1969-10, 7.26451612903226, -0.657677609449378
1969-11, 7.54333333333333, -0.411027985157342
1969-12, 9.01935483870968, 0.894702594347805
1970-01, 7.32, -0.608595000064616
1970-02, 6.84285714285714, -1.03068913425884
1970-03, 8.16451612903226, 0.13848797301278
1970-04, 8.82666666666667, 0.72424516020537
1970-05, 8.10322580645161, 0.0842688114830945
1970-06, 9.19666666666667, 1.05155767743981
1970-07, 11.0838709677419, 2.72103224587387
1970-08, 9.55806451612903, 1.37126048779289
1970-09, 8.62333333333333, 0.544370713797247
1970-10, 8.63225806451613, 0.55226578468666
1970-11, 7.16, -0.750135548057888
1970-12, 7.84516129032258, -0.144022394957665
1971-01, 6.14, -1.652456541515
1971-02, 6.28571428571429, -1.5235535424497
1971-03, 6.79032258064516, -1.07716270128428
1971-04, 8.50333333333333, 0.438215302802293
1971-05, 8.60322580645161, 0.526583023962071
1971-06, 8.23666666666667, 0.202314389480178
1971-07, 8.62258064516129, 0.543704864445132
1971-08, 9.38387096774193, 1.21716392344537
1971-09, 8.78666666666667, 0.688860023207053
1971-10, 10.3290322580645, 2.05328046703466
1971-11, 7.49, -0.458208167821764
1971-12, 6.81935483870968, -1.05147994055969
1972-01, 6.24333333333333, -1.56104493760268
1972-02, 6.72413793103448, -1.13571152362577
1972-03, 6.51612903225806, -1.31972210812759
1972-04, 7.85666666666667, -0.133844412003845
1972-05, 7.06129032258065, -0.837456934521476
1972-06, 8.01666666666667, 0.00769613598942737
1972-07, 9.13870967741935, 1.00028727732665
1972-08, 8.85806451612903, 0.752020590322325
1972-09, 9.21, 1.06335272310592
1972-10, 6.90322580645161, -0.977285298466449
1972-11, 7.24333333333333, -0.676416512644729
1972-12, 8.71612903225807, 0.626460426779913
1973-01, 6.74516129032258, -1.11711366241141
1973-02, 6.66785714285714, -1.18549910862648
1973-03, 6.98387096774194, -0.905944296453704
1973-04, 8.73666666666667, 0.644628601959155
1973-05, 9.57096774193548, 1.38267504811493
1973-06, 7.28, -0.643980137062934
1973-07, 7.78387096774194, -0.198241556487342
1973-08, 8.64, 0.559114520879883
1973-09, 9.04666666666667, 0.918863413696121
1973-10, 7.38, -0.555517294567139
1973-11, 7.96333333333333, -0.0394840466750018
1973-12, 6.21612903225806, -1.58511063561498
1974-01, 5.57333333333333, -2.15374598232451
1974-02, 6.92857142857143, -0.954863840691014
1974-03, 6.94516129032258, -0.940187977419824
1974-04, 6.54666666666667, -1.29270764869876
1974-05, 7.71612903225806, -0.25816799817805
1974-06, 7.8, -0.183973356084798
1974-07, 8.65161290322581, 0.569387625169721
1974-08, 8.82903225806452, 0.726337829597745
1974-09, 9.12666666666667, 0.989633687692757
1974-10, 7.88064516129032, -0.112632354072062
1974-11, 7.55333333333333, -0.402181700907763
1974-12, 7.72258064516129, -0.252460718017027
1975-01, 7.62258064516129, -0.340923560512823
1975-02, 6.76666666666667, -1.09808939520801
1975-03, 7.58064516129032, -0.378020881559448
1975-04, 7.77, -0.210512208833537
1975-05, 8.95806451612903, 0.84048343281812
1975-06, 8.14, 0.116800308400907
1975-07, 10.1193548387097, 1.86779386180157
1975-08, 8.3741935483871, 0.3239745782459
1975-09, 8.11333333333333, 0.0932102170686907
1975-10, 7.9741935483871, -0.029876791737281
1975-11, 7.88666666666667, -0.107305559255106
1975-12, 7.11333333333333, -0.791418207889263
1976-01, 6.02258064516129, -1.75632904044555
1976-02, 6.06551724137931, -1.71834610696015
1976-03, 6.53548387096774, -1.30260026764453
1976-04, 8.54333333333333, 0.473600439800611
1976-05, 10.1225806451613, 1.87064750188207
1976-06, 8.17333333333333, 0.146287922566168
1976-07, 8.82903225806452, 0.726337829597745
1976-08, 9.38387096774193, 1.21716392344537
1976-09, 8.38, 0.329111130390816
1976-10, 7.64516129032258, -0.320948079949256
1976-11, 7.82333333333333, -0.163332026169116
1976-12, 9.02258064516129, 0.897556234428312
1977-01, 8.02903225806452, 0.0186350896313816
1977-02, 6.27857142857143, -1.52987231691368
1977-03, 7.90322580645161, -0.0926568735084956
1977-04, 9.45, 1.27566354509582
1977-05, 7.91290322580645, -0.0840959532669662
1977-06, 7.75, -0.228204777332696
1977-07, 9, 0.877580753864746
1977-08, 10.7741935483871, 2.44708279814499
1977-09, 7.96333333333333, -0.0394840466750018
1977-10, 9.27741935483871, 1.12299380078857
1977-11, 7.87333333333333, -0.119100604921218
1977-12, 8.55483870967742, 0.483778422754431
1978-01, 6.43870967741935, -1.38820947005982
1978-02, 8.26785714285714, 0.229906371306242
1978-03, 6.61612903225806, -1.2312592656318
1978-04, 7.96666666666667, -0.0365352852584694
1978-05, 8.25483870967742, 0.218389895267046
1978-06, 6.99333333333333, -0.897573618884217
1978-07, 8.66451612903226, 0.580802185491756
1978-08, 8.39354838709677, 0.341096418728951
1978-09, 7.65, -0.316667619828491
1978-10, 8.15333333333333, 0.12859535406701
1978-11, 6.69, -1.16591090778813
1978-12, 6.57096774193548, -1.27121022675893
1979-01, 6.89677419354839, -0.982992578627463
1979-02, 6.92222222222222, -0.960480529103448
1979-03, 6.9258064516129, -0.957309817902883
1979-04, 8.04827586206897, 0.0356585287323523
1979-05, 6.91612903225806, -0.965870738144413
1979-06, 8.42, 0.364496267389133
1979-07, 9.46451612903226, 1.28850492545812
1979-08, 8.94516129032258, 0.829068872496084
1979-09, 7.96333333333333, -0.0394840466750018
1979-10, 7.90967741935484, -0.0869495933474731
1979-11, 7.07, -0.829752106304104
1979-12, 8.62258064516129, 0.543704864445132
1980-01, 7.59677419354839, -0.363752681156896
1980-02, 7.74285714285714, -0.234523551796684
1980-03, 7.49677419354839, -0.452215523652691
1980-04, 8.61333333333333, 0.535524429547668
1980-05, 7.4258064516129, -0.514995605423907
1980-06, 7.97666666666667, -0.02768900100889
1980-07, 8.3, 0.258340856394179
1980-08, 10.3161290322581, 2.04186590671266
1980-09, 10.9433333333333, 2.59670865969967
1980-10, 7.19032258064516, -0.7233113313011
1980-11, 8.94666666666667, 0.830400571200326
1980-12, 7.36451612903226, -0.569214766953583
1981-01, 5.89677419354839, -1.86762100358542
1981-02, 5.65714285714286, -2.07960569528041
1981-03, 7.2741935483871, -0.649116689207849
1981-04, 7.62333333333333, -0.340257711160706
1981-05, 7.53666666666667, -0.41692550799039
1981-06, 7.55666666666667, -0.39923293949123
1981-07, 8.69677419354839, 0.609338586296852
1981-08, 8.45806451612903, 0.398169220339143
1981-09, 9.75666666666667, 1.54694959541627
1981-10, 7.10967741935484, -0.794652333313836
1981-11, 6.23333333333333, -1.56989122185226
1981-12, 6.90645161290323, -0.974431658385934
1982-01, 6.10322580645161, -1.68498803843281
1982-02, 7.025, -0.869560385427212
1982-03, 6.44838709677419, -1.37964854981829
1982-04, 7.94333333333333, -0.0571766151741613
1982-05, 10.2064516129032, 1.94484214397529
1982-06, 8.04, 0.0283374659051099
1982-07, 7.98387096774194, -0.0213158714957508
1982-08, 10.1161290322581, 1.86494022172107
1982-09, 9.04, 0.912965890863063
1982-10, 8.36774193548387, 0.318267298084878
1982-11, 8.12333333333333, 0.10205650131827
1982-12, 6.70645161290323, -1.15135734337752
1983-01, 7.08666666666667, -0.815008299221469
1983-02, 6.56785714285714, -1.27396195112228
1983-03, 7.27096774193548, -0.651970329288364
1983-04, 6.53, -1.3074514557814
1983-05, 7.07096774193548, -0.828896014279955
1983-06, 7.59333333333333, -0.366796563909445
1983-07, 8.93870967741936, 0.82336159233507
1983-08, 8.5, 0.435266541385769
1983-09, 9.28666666666667, 1.13117423568603
1983-10, 6.97096774193548, -0.91735885677575
1983-11, 7.35666666666667, -0.576158624482821
1983-12, 7.29354838709677, -0.631994848724798
1984-01, 7.04, -0.856290959052843
1984-02, 7.51785714285714, -0.433564947412224
1984-03, 7.61290322580645, -0.349484480754352
1984-04, 8.1551724137931, 0.130222256917506
1984-05, 8.76, 0.665269931874837
1984-06, 9.12, 0.9837361648597
1984-07, 7.8, -0.183973356084798
1984-08, 8.9258064516129, 0.811947032013024
1984-09, 8.96333333333333, 0.845144378282951
1984-10, 8.35161290322581, 0.303999097682334
1984-11, 7.34666666666667, -0.585004908732401
1984-12, 7.89354838709677, -0.101217793750026
1985-01, 7.95806451612903, -0.044144992139833
1985-02, 6.175, -1.62149454664147
1985-03, 7.24193548387097, -0.677653090012945
1985-04, 6.84333333333333, -1.03026788262791
1985-05, 7.27741935483871, -0.646263049127342
1985-06, 8.92666666666667, 0.812708002701165
1985-07, 8.3258064516129, 0.281169977038252
1985-08, 8.46774193548387, 0.406730140580673
1985-09, 8.46666666666667, 0.405778927220507
1985-10, 6.94193548387097, -0.943041617500331
1985-11, 7.22, -0.697057842560411
1985-12, 8.6741935483871, 0.589363105733287
1986-01, 7.40322580645161, -0.534971085987472
1986-02, 7.10357142857143, -0.800053866323371
1986-03, 7.25483870967742, -0.666238529690908
1986-04, 9.06333333333333, 0.933607220778748
1986-05, 8.40967741935484, 0.355364619131503
1986-06, 9.07666666666667, 0.945402266444859
1986-07, 8.78387096774193, 0.686386868470602
1986-08, 8.45161290322581, 0.392461940178129
1986-09, 8.28620689655172, 0.246139085015444
1986-10, 8.7258064516129, 0.635021347021434
1986-11, 7.01724137931035, -0.876423881827744
1986-12, 7.28064516129032, -0.643409409046835
1987-01, 6.96774193548387, -0.920212496856257
1987-02, 7.04642857142857, -0.850604062035257
1987-03, 7.50333333333333, -0.44641312215566
1987-04, 7.92333333333333, -0.07486918367332
1987-05, 7.68064516129032, -0.289558039063653
1987-06, 8.04, 0.0283374659051099
1987-07, 8.70322580645161, 0.615045866457866
1987-08, 7.54516129032258, -0.409410922445051
1987-09, 9.65333333333333, 1.45553799150394
1987-10, 7.9, -0.0955105135890025
1987-11, 8.30333333333333, 0.261289617810701
1987-12, 6.51935483870968, -1.31686846804708
1988-01, 7.13548387096774, -0.771823212669762
1988-02, 7.10689655172414, -0.797112367865999
1988-03, 7.71935483870968, -0.255314358097534
1988-04, 6.2, -1.59937883601752
1988-05, 7.55161290322581, -0.403703642284029
1988-06, 7.87333333333333, -0.119100604921218
1988-07, 8.38387096774193, 0.332535498487421
1988-08, 9.28, 1.12527671285297
1988-09, 8.74333333333333, 0.650526124792202
1988-10, 10.3387096774194, 2.06184138727624
1988-11, 7, -0.891676096051161
1988-12, 6.30645161290323, -1.50520871336071
1989-01, 6.59677419354839, -1.24838110611485
1989-02, 7.11428571428571, -0.790575704627398
1989-03, 6.41612903225806, -1.40818495062339
1989-04, 6.2, -1.59937883601752
1989-05, 6.5741935483871, -1.26835658667842
1989-06, 6.29666666666667, -1.51386475493825
1989-07, 7.49677419354839, -0.452215523652691
1989-08, 8.61290322580645, 0.535143944203601
1989-09, 9.70666666666667, 1.50271817416837
1989-10, 9.43225806451613, 1.25996852465302
1989-11, 7.27, -0.652826421312514
1989-12, 7.12258064516129, -0.783237772991799
1990-01, 6.50322580645161, -1.33113666844963
1990-02, 6.15714285714286, -1.63729148280143
1990-03, 7.22258064516129, -0.694774930496004
1990-04, 6.4, -1.42245315102593
1990-05, 8.14838709677419, 0.124219772610228
1990-06, 8.30666666666667, 0.264238379227235
1990-07, 8.40645161290323, 0.352510979050996
1990-08, 8.24838709677419, 0.212682615106023
1990-09, 8.29, 0.249494572144598
1990-10, 8.37741935483871, 0.326828218326407
1990-11, 8.27333333333333, 0.234750765061963
1990-12, 8.45806451612903, 0.398169220339143
1991-01, 8.06666666666667, 0.0519275572373257
1991-02, 7.32592592592593, -0.603352757546343
1991-03, 7.68064516129032, -0.289558039063653
1991-04, 8.61333333333333, 0.535524429547668
1991-05, 7.2, -0.71475041105957
1991-06, 7.65333333333333, -0.313718858411968
1991-07, 8.33666666666667, 0.290777231975973
1991-08, 9.64838709677419, 1.45116241004716
1991-09, 10.2133333333333, 1.95092990948037
1991-10, 8.51935483870968, 0.452388381868828
1991-11, 7.65666666666667, -0.310770096995435
1991-12, 6.93225806451613, -0.95160253774186
1992-01, 6.79032258064516, -1.07716270128428
1992-02, 6.2, -1.59937883601752
1992-03, 6.76451612903226, -1.09999182192835
1992-04, 7.34666666666667, -0.585004908732401
1992-05, 7.21290322580645, -0.703335850737534
1992-06, 8.37666666666667, 0.326162368974292
1992-07, 9.18387096774194, 1.04023823845379
1992-08, 8.79677419354839, 0.697801428792649
1992-09, 8.99333333333333, 0.871683231031691
1992-10, 7.57096774193548, -0.386581801800978
1992-11, 7.61333333333333, -0.349103995410286
1992-12, 6.50645161290323, -1.32828302836912
1993-01, 6.41935483870968, -1.40533131054287
1993-02, 7.85185185185185, -0.138103734049943
1993-03, 7.45161290322581, -0.492166484779824
1993-04, 7.86, -0.130895650587321
1993-05, 8.13870967741935, 0.115658852368697
1993-06, 8.57931034482759, 0.505426726813472
1993-07, 7.16774193548387, -0.743286811864666
1993-08, 8.88709677419355, 0.777703351046914
1993-09, 8.22, 0.187570582397543
1993-10, 8.26129032258065, 0.224097175428069
1993-11, 7.91, -0.0866642293394232
1993-12, 7.32258064516129, -0.606312088000209
1994-01, 8.36129032258065, 0.312560017923864
1994-02, 6.40357142857143, -1.41929376379394
1994-03, 6.96451612903226, -0.923066136936764
1994-04, 8.19333333333333, 0.163980491065327
1994-05, 9.10322580645161, 0.968897236441048
1994-06, 8.17931034482759, 0.151575356830291
1994-07, 9.69677419354839, 1.49396701125481
1994-08, 9.78387096774193, 1.57101529342856
1994-09, 10.8833333333333, 2.5436309542022
1994-10, 9.18387096774194, 1.04023823845379
1994-11, 8.20333333333333, 0.172826775314906
1994-12, 6.98064516129032, -0.908797936534221
1995-01, 5.93548387096774, -1.83337732261931
1995-02, 6.75, -1.11283320229065
1995-03, 7.82258064516129, -0.163997875521232
1995-04, 8.23666666666667, 0.202314389480178
1995-05, 6.79032258064516, -1.07716270128428
1995-06, 7.79666666666667, -0.186922117501321
1995-07, 9.04838709677419, 0.920385355072386
1995-08, 11.0483870967742, 2.6896422049883
1995-09, 7.73, -0.245897345831855
1995-10, 7.80645161290323, -0.178266075923775
1995-11, 7.92068965517241, -0.0772078565209106
1995-12, 7.1258064516129, -0.780384132911292
1996-01, 5.88387096774194, -1.87903556390745
1996-02, 7.0448275862069, -0.852020339070285
1996-03, 7.46451612903226, -0.480751924457787
1996-04, 9.8, 1.58528349383111
1996-05, 7.95483870967742, -0.0469986322203407
1996-06, 7.92857142857143, -0.0702354157330603
1996-07, 8.68709677419355, 0.600777666055324
1996-08, 9.0741935483871, 0.943214475716468
1996-09, 9.54137931034483, 1.35650028047992
1996-10, -99.9, -99.9
1996-11, 8.62333333333333, 0.544370713797247
1996-12, 7.20967741935484, -0.706189490818041
1997-01, 6.55483870967742, -1.28547842716148
1997-02, 5.9, -1.86476736350491
1997-03, 7.67096774193548, -0.298118959305183
1997-04, 9.59, 1.39951152458994
1997-05, 7.26774193548387, -0.654823969368871
1997-06, 9.21333333333333, 1.06630148452244
1997-07, 8.20645161290323, 0.175585294059406
1997-08, 10.0612903225806, 1.81642834035234
1997-09, 7.9, -0.0955105135890025
1997-10, 8.77741935483871, 0.680679588309589
1997-11, 7.88333333333333, -0.110254320671638
1997-12, 7.13225806451613, -0.774676852750269
1998-01, 7.32903225806452, -0.600604807839186
1998-02, 8.16428571428571, 0.138284141578452
1998-03, 7.9258064516129, -0.0726813929449298
1998-04, 7.60333333333333, -0.357950279659865
1998-05, 7.23870967741936, -0.680506730093452
1998-06, 7.19, -0.723596695309149
1998-07, 7.55161290322581, -0.403703642284029
1998-08, 7.44193548387097, -0.500727405021354
1998-09, 8.69666666666667, 0.609243464960837
1998-10, 9.38064516129032, 1.21431028336487
1998-11, 6.84666666666667, -1.02731912121138
1998-12, 6.80645161290323, -1.06289450088173
1999-01, 6.1, -1.68784167851332
1999-02, 6.53571428571429, -1.30239643621021
1999-03, 6.8741935483871, -1.00296805919103
1999-04, 7.86333333333333, -0.127946889170798
1999-05, 8.6741935483871, 0.589363105733287
1999-06, 7.70333333333333, -0.26948743716407
1999-07, 8.06129032258064, 0.0471714904364682
1999-08, 8.61935483870968, 0.540851224364625
1999-09, 8.59, 0.514883099631985
1999-10, 7.71612903225806, -0.25816799817805
1999-11, 7.64666666666667, -0.319616381245015
1999-12, 5.96451612903226, -1.80769456189472
2000-01, 6.94193548387097, -0.943041617500331
2000-02, 7.85172413793103, -0.138216713414563
2000-03, 6.24516129032258, -1.55942787489039
2000-04, 8.03, 0.0194911816555305
2000-05, 8.18709677419355, 0.158463453576347
2000-06, 9.08333333333333, 0.951299789277906
2000-07, 9.63225806451613, 1.43689420964461
2000-08, 9.56129032258064, 1.3741141278734
2000-09, 10.19, 1.93028857956471
2000-10, 8.17741935483871, 0.149902533334817
2000-11, 6.36666666666667, -1.4519407651912
2000-12, 8.1, 0.0814151714025875
2001-01, 6.75483870967742, -1.10855274216988
2001-02, 6.67857142857143, -1.1760209469305
2001-03, 7.3258064516129, -0.603458447919702
2001-04, 8.49333333333333, 0.429369018552714
2001-05, 8.45161290322581, 0.392461940178129
2001-06, 9.96666666666667, 1.73272156465744
2001-07, 7.78709677419355, -0.195387916406835
2001-08, 10.158064516129, 1.90203754276764
2001-09, 9.22, 1.0721990073555
2001-10, 9.83870967741935, 1.61952717479722
2001-11, 7.87333333333333, -0.119100604921218
2001-12, 7.67741935483871, -0.29241167914416
2002-01, 7.41612903225806, -0.523556525665436
2002-02, 6.125, -1.66572596788937
2002-03, 7.45483870967742, -0.489312844699317
2002-04, 7.88, -0.113203082088162
2002-05, 8.06451612903226, 0.0500251305169846
2002-06, 8.5448275862069, 0.474922298366646
2002-07, 10.6225806451613, 2.31296171436105
2002-08, 9.80322580645161, 1.58813713391162
2002-09, 10.3866666666667, 2.1042655031398
2002-10, 9.84838709677419, 1.62808809503875
2002-11, 8.04666666666667, 0.034234988738167
2002-12, 7.34516129032258, -0.586336607436642
2003-01, 7.43870967741935, -0.503581045101869
2003-02, 6.48571428571429, -1.3466278574581
2003-03, 7.68064516129032, -0.289558039063653
2003-04, 7.75666666666667, -0.22230725449964
2003-05, 7.4258064516129, -0.514995605423907
2003-06, 9.00666666666667, 0.883478276697802
2003-07, 8.79032258064516, 0.692094148631626
2003-08, 9.98064516129032, 1.74508733833964
2003-09, 10.0233333333333, 1.78285050873836
2003-10, 8.5741935483871, 0.500900263237492
2003-11, 7.35, -0.582056147315878
2003-12, 7.19354838709677, -0.720457691220593
2004-01, 7.50645161290323, -0.443654603411162
2004-02, 7.79655172413793, -0.187023798929482
2004-03, 7.41290322580645, -0.526410165745943
2004-04, 8.06666666666667, 0.0519275572373257
2004-05, 9.84516129032258, 1.62523445495824
2004-06, 10.2766666666667, 2.00695637639443
2004-07, 9.15483870967742, 1.0145554777292
2004-08, 9.61290322580645, 1.41977236916156
2004-09, 9.92333333333333, 1.69438766624259
2004-10, 8.45806451612903, 0.398169220339143
2004-11, 9.06, 0.930658459362224
2004-12, 7.51935483870968, -0.432240043089125
2005-01, 6.94193548387097, -0.943041617500331
2005-02, 8.02142857142857, 0.0119086522987478
2005-03, 7.34838709677419, -0.583482967356135
2005-04, 8.43333333333333, 0.376291313055236
2005-05, 8.97096774193548, 0.851897993140157
2005-06, 8.53666666666667, 0.467702916967564
2005-07, 9.72258064516129, 1.51679613189888
2005-08, 10.7838709677419, 2.45564371838648
2005-09, 8.88, 0.771425342869792
2005-10, 8.47741935483871, 0.415291060822203
2005-11, 7.02666666666667, -0.868086004718946
2005-12, 9.72903225806452, 1.5225034120599
2006-01, 6.45483870967742, -1.37394126965727
2006-02, 7.43571428571429, -0.506230853748049
2006-03, 7.56129032258065, -0.395142722042499
2006-04, 10.3366666666667, 2.06003408189191
2006-05, 9.1741935483871, 1.03167731821226
2006-06, 8.30666666666667, 0.264238379227235
2006-07, 8.83225806451613, 0.729191469678252
2006-08, 9.81612903225806, 1.59955169423365
2006-09, 9.63333333333333, 1.43784542300478
2006-10, 9.6741935483871, 1.47399153069124
2006-11, 7.85, -0.139741934836901
2006-12, 6.64838709677419, -1.2027228648267
2007-01, 6.73548387096774, -1.12567458265294
2007-02, 5.375, -2.32919728660784
2007-03, 7.27096774193548, -0.651970329288364
2007-04, 7.38, -0.555517294567139
2007-05, 8.68387096774194, 0.597924025974817
2007-06, 7.39, -0.546671010317559
2007-07, 8.59677419354839, 0.520875743801057
2007-08, 8.22903225806452, 0.195560774622972
2007-09, 8.33666666666667, 0.290777231975973
2007-10, 9.28064516129032, 1.12584744086907
2007-11, 5.96333333333333, -1.80874089659091
2007-12, 6.23870967741935, -1.56513515505141
2008-01, 5.71612903225807, -2.02742484809395
2008-02, 6.24827586206897, -1.55667263619196
2008-03, 7.70322580645161, -0.269582558500086
2008-04, 7.61, -0.352052756826809
2008-05, 9.13548387096774, 0.997433637246144
2008-06, 6.69666666666667, -1.16001338495507
2008-07, 8.92258064516129, 0.809093391932517
2008-08, 9.21612903225807, 1.06877463925889
2008-09, 9.14333333333333, 1.00437749477538
2008-10, 8.63225806451613, 0.55226578468666
2008-11, 6.98, -0.90936866455032
2008-12, 7.8258064516129, -0.161144235440725
2009-01, 7.68387096774194, -0.286704398983137
2009-02, 6.01071428571429, -1.76682635931313
2009-03, 6.53225806451613, -1.30545390772504
2009-04, 7.05666666666667, -0.841547151970207
2009-05, 8.22258064516129, 0.18985349446195
2009-06, 7.57666666666667, -0.381540370992072
2009-07, 9.01290322580645, 0.888995314186783
2009-08, 10.5129032258065, 2.21593795162376
2009-09, 9.57, 1.38181895609078
2009-10, 7.30645161290323, -0.620580288402752
2009-11, 7.38666666666667, -0.549619771734082
2009-12, 6.47241379310345, -1.3583938512876
2010-01, 6.92258064516129, -0.96016345798339
2010-02, 6.20357142857143, -1.59621944878553
2010-03, 6.40967741935484, -1.4138922307844
2010-04, 8.73103448275862, 0.639646211979503
2010-05, 8.51612903225806, 0.449534741788313
2010-06, 8.13, 0.107954024151327
2010-07, 7.85161290322581, -0.138315114796643
2010-08, 8.80645161290323, 0.706362349034178
2010-09, 8.7, 0.612192226377359
2010-10, 7.06451612903226, -0.834603294440969
2010-11, 6.62333333333333, -1.22488613611866
2010-12, 6.8741935483871, -1.00296805919103
2011-01, 6.49354838709677, -1.33969758869116
2011-02, 7.27142857142857, -0.651562666419718
2011-03, 6.84516129032258, -1.02865081991562
2011-04, 7.96333333333333, -0.0394840466750018
2011-05, 8.76129032258065, 0.666411387907046
2011-06, 7.74, -0.237051061582275
2011-07, 8.79677419354839, 0.697801428792649
2011-08, 9.10645161290322, 0.971750876521555
2011-09, 9.16666666666667, 1.02501882469107
2011-10, 7.7741935483871, -0.206802476728872
2011-11, 7.38333333333333, -0.552568533150615
2011-12, 6.41612903225806, -1.40818495062339
2012-01, 6.48064516129032, -1.3511121490132
2012-02, 6.53103448275862, -1.306536322928
2012-03, 6.92258064516129, -0.96016345798339
2012-04, 8.11333333333333, 0.0932102170686907
2012-05, 9.76129032258065, 1.551039812865
2012-06, 8.00333333333333, -0.00409890967668367
2012-07, 8.7, 0.612192226377359
2012-08, 10.5290322580645, 2.23020615202625
2012-09, 10.4266666666667, 2.13965064013812
2012-10, 9.49032258064516, 1.31133404610219
2012-11, 7.27666666666667, -0.646928898479458
2012-12, 7.38709677419355, -0.549239286390017
2013-01, 7.1258064516129, -0.780384132911292
2013-02, 6.675, -1.1791803341625
2013-03, 7.46129032258064, -0.483605564538303
2013-04, 9.06666666666667, 0.936555982195279
2013-05, 9.41290322580645, 1.24284668416996
2013-06, 7.31333333333333, -0.614492522897672
2013-07, 9.69677419354839, 1.49396701125481
2013-08, 10.5322580645161, 2.23305979210675
2013-09, 10.63, 2.31952508654621
2013-10, 10.7032258064516, 2.38430271637377
2013-11, 7.55333333333333, -0.402181700907763
2013-12, 7.80967741935484, -0.175412435843268
2014-01, 7.05806451612903, -0.840310574601991
2014-02, 6.35714285714286, -1.46036579780984
2014-03, 7.21612903225806, -0.700482210657027
2014-04, 7.98333333333333, -0.0217914781758431
2014-05, 10.0774193548387, 1.83069654075492
2014-06, 8.56333333333333, 0.491293008299771
2014-07, 10.0483870967742, 1.80501378003035
2014-08, 8.71935483870968, 0.62931406686042
2014-09, 9.54666666666667, 1.3611776261751
2014-10, 9.59354838709677, 1.4026505286785
2014-11, 7.92068965517241, -0.0772078565209106
2014-12, 6.70967741935484, -1.14850370329702
2015-01, 7.10645161290323, -0.797505973394343
2015-02, 6.58571428571429, -1.25816501496231
2015-03, 8.47096774193548, 0.40958378066118
2015-04, 7.41, -0.5289784418184
2015-05, 8.17096774193548, 0.144195253173793
2015-06, 8.56666666666667, 0.494241769716302
2015-07, 9.4258064516129, 1.254261244492
2015-08, 9.70645161290323, 1.50252793149634
2015-09, 8.76666666666667, 0.671167454707893
2015-10, 8.08387096774194, 0.0671469710000435
2015-11, 8.44, 0.382188835888292
2015-12, 7.75161290322581, -0.226777957292438
