tmax_q5, tmax_q10, tmax_q50, tmax_q90, tmax_q95, tmin_q5, tmin_q10, tmin_q50, tmin_q90, tmin_q95, tavg_q5, tavg_q10, tavg_q50, tavg_q90, tavg_q95, prec_q5, prec_q10, prec_q50, prec_q90, prec_q95, prec_q99, HW_TN90, HW_TX90, HW_TAVG90
21.04, 22.5266666666667, 25.4, 29.7666666666667, 31.62, 15.88, 16.46, 19.4, 21.5, 22.44, 19.19, 19.54, 22.4, 25.57, 26.37, 1.2, 1.4, 5.8, 30.4833333333333, 46.7499999999999, 89.3866666666665, 21.3, 29.8, 25.2416666666667
21.04, 22.2533333333333, 25.6, 29.8466666666667, 31.8, 15.98, 16.46, 19.5, 21.5, 22.2, 19.14, 19.65, 22.45, 25.57, 26.48, 1.2, 1.4, 5.8, 30.4833333333333, 46.7499999999999, 89.3866666666665, 21.3, 29.8, 25.2416666666667
20.76, 22.0533333333333, 25.5, 30.1933333333333, 32.82, 15.78, 16.6066666666667, 19.4, 21.4466666666667, 22.22, 18.78, 19.43, 22.4, 25.7366666666667, 26.68, 1.2, 1.4, 5.8, 30.4833333333333, 46.7499999999999, 89.3866666666665, 21.3, 29.8, 25.3333333333333
20.57, 22.1366666666667, 25.3, 31.49, 32.99, 15.81, 16.3733333333333, 19.2, 21.49, 22.415, 19.055, 19.6183333333333, 22.3, 25.8133333333333, 26.745, 1.2, 1.4, 5.8, 30.4833333333333, 46.7499999999999, 89.3866666666665, 21.3, 29.7833333333333, 25.3916666666667
21.2, 22.2, 25.3, 30.1933333333333, 33.02, 15.9, 16.6333333333333, 19.1, 21.5, 22.42, 19.15, 19.9766666666667, 22.1, 25.75, 26.76, 1.2, 1.4, 5.8, 30.4833333333333, 46.7499999999999, 89.3866666666665, 21.3, 29.6833333333333, 25.4
21.28, 22.1, 25.3, 29.6, 33.5, 15.76, 16.7266666666667, 19.1, 21.3, 22, 19.23, 20.0633333333333, 22.05, 25.5366666666667, 27, 1.2, 1.4, 5.8, 30.4833333333333, 46.7499999999999, 89.3866666666665, 21.4, 29.7, 25.5
21.38, 22.5266666666667, 25.5, 31.2133333333333, 34.18, 15.88, 16.7, 19, 21.3733333333333, 22.42, 19.54, 20.05, 22.15, 25.8233333333333, 27.12, 1.2, 1.4, 5.8, 30.4833333333333, 46.7499999999999, 89.3866666666665, 21.5, 29.8866666666667, 25.5966666666667
22.02, 22.7266666666667, 25.7, 29.9666666666667, 33.6, 16, 16.7266666666667, 19.2, 21.4733333333333, 22, 19.64, 20.2133333333333, 22.3, 25.6966666666667, 27.23, 1.2, 1.4, 5.8, 30.4833333333333, 46.7499999999999, 89.3866666666665, 21.6, 30.0866666666667, 25.6466666666667
22.02, 22.9266666666667, 25.8, 29.9666666666667, 33.56, 16.18, 16.8266666666667, 19.3, 21.4733333333333, 21.82, 19.82, 20.3, 22.5, 25.5, 26.96, 1.2, 1.4, 5.8, 30.4833333333333, 46.7499999999999, 89.3866666666665, 21.6, 30.0866666666667, 25.65
22.21, 23, 25.95, 30.7333333333333, 33.545, 16.2, 16.8366666666667, 19.4, 21.3633333333333, 21.815, 19.8275, 20.3, 22.6, 25.595, 26.4825, 1.2, 1.4, 5.8, 30.4833333333333, 46.7499999999999, 89.3866666666665, 21.6, 29.9, 25.6466666666667
22.38, 23.2, 26.2, 30.0466666666667, 32.92, 16.2, 16.9266666666667, 19.5, 21.4733333333333, 21.92, 19.81, 20.2266666666667, 22.75, 25.4733333333333, 26.07, 1.2, 1.4, 5.8, 30.4833333333333, 46.7499999999999, 89.3866666666665, 21.6, 29.8866666666667, 25.4933333333333
22.3, 23.2, 25.9, 29.8466666666667, 31.84, 16.1, 16.6266666666667, 19.5, 21.6, 21.9, 19.76, 20.2633333333333, 22.6, 25.4733333333333, 26.05, 1.2, 1.4, 5.8, 30.4833333333333, 46.7499999999999, 89.3866666666665, 21.7, 29.9, 25.4033333333333
21.82, 23.2, 25.7, 30.12, 33.28, 16.08, 16.5, 19.5, 21.8, 22.22, 19.73, 20.2133333333333, 22.75, 25.4733333333333, 26.05, 1.2, 1.4, 5.8, 30.4833333333333, 46.7499999999999, 89.3866666666665, 21.7, 29.9, 25.4
21.8, 22.9166666666667, 25.7, 29.8666666666667, 33.3, 16.05, 16.5333333333333, 19.55, 21.8, 22.2, 19.4375, 20.2083333333333, 22.575, 25.5666666666667, 26.15, 1.2, 1.4, 5.8, 30.4833333333333, 46.7499999999999, 89.3866666666665, 21.7, 29.9, 25.4
21.65, 22.4166666666667, 25.7, 29.8666666666667, 33.675, 16.05, 16.5333333333333, 19.6, 21.9, 22.2, 19.375, 20.1, 22.6, 25.4, 27.575, 1.2, 1.4, 5.8, 30.4833333333333, 46.7499999999999, 89.3866666666665, 21.7933333333333, 29.9, 25.4
21.48, 22.4266666666667, 25.6, 29.9, 34.04, 15.92, 16.5533333333333, 19.5, 21.8, 22.2, 19.27, 20.14, 22.55, 25.4, 27.87, 1.2, 1.4, 5.8, 30.4833333333333, 46.7499999999999, 89.3866666666665, 21.8, 29.9933333333333, 25.3966666666667
21.65, 22.5, 25.65, 29.8666666666667, 33.3, 15.95, 16.9166666666667, 19.55, 21.8, 22.2, 19.5625, 20.2583333333333, 22.5, 25.2, 27.8125, 1.2, 1.4, 5.8, 30.4833333333333, 46.7499999999999, 89.3866666666665, 21.8, 29.8866666666667, 25.35
21.775, 22.5333333333333, 25.6, 29.6833333333333, 30.775, 16.275, 17.05, 19.45, 21.7833333333333, 22.2, 19.6, 20.3083333333333, 22.5, 25.1833333333333, 26.075, 1.2, 1.4, 5.8, 30.4833333333333, 46.7499999999999, 89.3866666666665, 21.8, 29.9, 25.4
21.7, 22.4266666666667, 25.7, 29.9, 31.56, 16.38, 17.3266666666667, 19.4, 21.8, 22.2, 19.6, 20.3133333333333, 22.65, 25.2733333333333, 26.44, 1.2, 1.4, 5.8, 30.4833333333333, 46.7499999999999, 89.3866666666665, 22, 29.8866666666667, 25.4
21.5, 22.5, 25.6, 29.8466666666667, 30.74, 16.48, 17.08, 19.3, 21.8, 22.2, 19.57, 20.3, 22.65, 25.2, 26.12, 1.2, 1.4, 5.8, 30.4833333333333, 46.7499999999999, 89.3866666666665, 22, 29.7066666666667, 25.3516666666667
21.5, 22.6, 25.6, 30, 31.56, 16.48, 16.9, 19.3, 21.8, 22.22, 19.57, 20.2133333333333, 22.55, 25.3366666666667, 26.44, 1.2, 1.4, 5.8, 30.4833333333333, 46.7499999999999, 89.3866666666665, 22, 29.9, 25.4
21.485, 22.1, 25.55, 29.8266666666667, 31.52, 16.57, 16.9366666666667, 19.3, 21.9266666666667, 22.3, 19.5775, 20.0183333333333, 22.475, 25.35, 26.43, 1.2, 1.4, 5.8, 30.4833333333333, 46.7499999999999, 89.3866666666665, 22, 29.8866666666667, 25.35
21.655, 22.1, 25.75, 30.2633333333333, 34.13, 16.4, 16.8, 19.35, 22.1, 22.515, 19.45, 19.9366666666667, 22.4, 25.5816666666667, 27.98, 1.2, 1.4, 5.8, 30.4833333333333, 46.7499999999999, 89.3866666666665, 21.9933333333333, 29.6, 25.35
21.785, 22.6366666666667, 25.75, 29.39, 33.76, 16.285, 16.7, 19.3, 22.1, 22.6, 19.4925, 19.9366666666667, 22.4, 25.495, 27.965, 1.2, 1.4, 5.8, 30.4833333333333, 46.7499999999999, 89.3866666666665, 21.9833333333333, 29.6, 25.35
22.08, 22.8, 26.1, 29.42, 33.78, 16.2, 16.5266666666667, 19.2, 22.2, 22.6, 19.54, 20, 22.4, 25.51, 27.97, 1.2, 1.4, 5.8, 30.4833333333333, 46.7499999999999, 89.3866666666665, 22, 29.7, 25.4416666666667
22.08, 22.8, 26.2, 29.2, 33.62, 16.18, 16.7266666666667, 19.3, 22.1733333333333, 22.62, 19.54, 20.1633333333333, 22.6, 25.55, 27.88, 1.2, 1.4, 5.8, 30.4833333333333, 46.7499999999999, 89.3866666666665, 22, 30, 25.6416666666667
22.1, 22.8, 26.2, 30.16, 33.78, 16.18, 16.8266666666667, 19.4, 22.1, 22.62, 19.49, 20.6, 22.7, 25.71, 27.88, 1.2, 1.4, 5.8, 30.4833333333333, 46.7499999999999, 89.3866666666665, 22.1, 30.3, 25.7916666666667
22.26, 22.8, 26.4, 29.1466666666667, 30.92, 16.08, 16.9266666666667, 19.4, 21.8466666666667, 22.4, 19.59, 20.6266666666667, 22.75, 25.3, 26.75, 1.2, 1.4, 5.8, 30.4833333333333, 46.7499999999999, 89.3866666666665, 22.1, 30.5666666666667, 25.9333333333333
22.26, 22.8266666666667, 26.5, 29.3466666666667, 30.92, 16.26, 16.9266666666667, 19.7, 21.7, 22.22, 19.64, 20.75, 22.85, 25.2366666666667, 26.75, 1.2, 1.4, 5.8, 30.4833333333333, 46.7499999999999, 89.3866666666665, 22.1, 30.5866666666667, 25.9433333333333
22.1, 22.8366666666667, 26.5, 29.7633333333333, 32.69, 16.6, 17.4366666666667, 19.85, 21.8, 22.3, 20.035, 20.6, 23.225, 25.65, 27.14, 1.2, 1.4, 5.8, 30.4833333333333, 46.7499999999999, 89.3866666666665, 22.1933333333333, 30.6, 26.14
22.27, 22.9366666666667, 26.6, 30.5266666666667, 33.23, 16.57, 17.2366666666667, 19.9, 21.9633333333333, 22.3, 20.05, 20.505, 23.25, 25.9266666666667, 27.395, 1.2, 1.4, 5.8, 30.4833333333333, 46.7499999999999, 89.3866666666665, 22.1, 30.3933333333333, 25.9433333333333
22.3, 23.0533333333333, 26.6, 31.3, 34.16, 16.28, 17.2266666666667, 19.8, 22.3, 22.7, 20.21, 20.7, 23.25, 26.5833333333333, 27.87, 1.2, 1.4, 5.8, 30.4833333333333, 46.7499999999999, 89.3866666666665, 22.1, 30.6, 25.9966666666667
22.26, 23.0533333333333, 26.4, 31.5733333333333, 35.36, 16.56, 17.3266666666667, 19.9, 22.3, 22.9, 20.29, 20.7133333333333, 23.2, 26.7866666666667, 28.05, 1.2, 1.4, 5.8, 30.4833333333333, 46.7499999999999, 89.3866666666665, 22.1, 30.6, 26.1966666666667
22.25, 23.2333333333333, 26.55, 32.35, 34.225, 16.875, 17.4, 19.9, 22.3833333333333, 23.1, 20.2875, 20.7, 23.2, 26.7916666666667, 27.95, 1.2, 1.4, 5.8, 30.4833333333333, 46.7499999999999, 89.3866666666665, 22.1, 30.6, 26.1966666666667
22.8, 23.5166666666667, 26.5, 31.55, 34.225, 16.6, 17.4, 19.95, 22.6666666666667, 23.25, 20.4125, 20.9083333333333, 23.225, 26.9583333333333, 27.95, 1.2, 1.4, 5.8, 30.4833333333333, 46.7499999999999, 89.3866666666665, 22, 30.6833333333333, 26.35
22.175, 23.1166666666667, 26.45, 31.1833333333333, 33.15, 16.675, 17.5166666666667, 19.9, 22.4666666666667, 23.125, 20.425, 20.9083333333333, 23.125, 26.4, 27.95, 1.2, 1.4, 5.8, 30.4833333333333, 46.7499999999999, 89.3866666666665, 22.0833333333333, 30.6833333333333, 26.3416666666667
21.9, 23.1, 26.6, 30.0466666666667, 32.54, 16.6, 17.4, 19.9, 22.0733333333333, 23.12, 19.99, 20.7266666666667, 23.3, 25.8233333333333, 27.01, 1.2, 1.4, 5.8, 30.4833333333333, 46.7499999999999, 89.3866666666665, 22.1833333333333, 30.8666666666667, 26.35
21.98, 23.1, 26.7, 31.04, 32.82, 16.32, 16.9266666666667, 20, 22.2, 23.24, 19.89, 20.3766666666667, 23.45, 26.3866666666667, 27.95, 1.2, 1.4, 5.8, 30.4833333333333, 46.7499999999999, 89.3866666666665, 22.2033333333333, 30.9066666666667, 26.3516666666667
21.885, 22.3733333333333, 26.4, 30.5266666666667, 33.065, 15.7, 16.7733333333333, 20, 22.2, 23.36, 19.285, 20, 23.35, 26.295, 27.5725, 1.2, 1.4, 5.8, 30.4833333333333, 46.7499999999999, 89.3866666666665, 22.3, 30.8033333333333, 26.3516666666667
21.57, 22.0366666666667, 26.25, 30.6, 33.405, 15.4, 16.51, 19.95, 21.9, 23.1, 19.185, 19.95, 23.2, 26.295, 27.5725, 1.2, 1.4, 5.8, 30.4833333333333, 46.7499999999999, 89.3866666666665, 22.3, 30.8, 26.3016666666667
21.6, 22.1366666666667, 26, 31.1633333333333, 34.015, 15.655, 16.4, 19.75, 22.1266666666667, 23.13, 19.185, 19.95, 23.25, 26.3816666666667, 27.5725, 1.2, 1.4, 5.8, 30.4833333333333, 46.7499999999999, 89.3866666666665, 22.2033333333333, 30.4066666666667, 26.15
21.685, 22.2366666666667, 25.95, 31.6066666666667, 35.135, 15.67, 16.6366666666667, 19.8, 22.1633333333333, 23.1, 19.3275, 19.95, 22.85, 26.4633333333333, 28.0075, 1.2, 1.4, 5.8, 30.4833333333333, 46.7499999999999, 89.3866666666665, 22.1933333333333, 29.9933333333333, 25.9466666666667
21.675, 22.3, 25.9, 29.1833333333333, 32.925, 15.8, 16.7, 19.85, 21.8833333333333, 22.725, 19.3125, 20, 22.85, 25.4833333333333, 26.9625, 1.2, 1.4, 5.8, 30.4833333333333, 46.7499999999999, 89.3866666666665, 22.1, 29.8933333333333, 25.8466666666667
22.025, 22.5333333333333, 26, 29.1, 32.65, 15.975, 16.6, 19.8, 21.9833333333333, 22.625, 19.4625, 20.0583333333333, 22.875, 25.3916666666667, 26.725, 1.2, 1.4, 5.8, 30.4833333333333, 46.7499999999999, 89.3866666666665, 22, 29.8, 25.75
22.4, 23, 26.15, 29.5, 32.05, 16.275, 16.7, 19.8, 22.2833333333333, 22.75, 19.9625, 20.3083333333333, 23.075, 25.525, 26.6625, 1.2, 1.4, 5.8, 30.4833333333333, 46.7499999999999, 89.3866666666665, 22, 29.8, 25.7416666666667
22.4, 22.8333333333333, 26.3, 29.0333333333333, 30.85, 16.175, 16.9166666666667, 19.8, 22.1833333333333, 22.9, 19.9625, 20.3083333333333, 23.075, 25.4, 26.6625, 1.2, 1.4, 5.8, 30.4833333333333, 46.7499999999999, 89.3866666666665, 22, 29.8, 25.75
22.475, 23.0166666666667, 26.3, 29.4, 30.8, 16.175, 16.7166666666667, 19.8, 22.2, 23.025, 20.0375, 20.3, 23.15, 25.3916666666667, 26.4375, 1.2, 1.4, 5.8, 30.4833333333333, 46.7499999999999, 89.3866666666665, 22, 29.5, 25.5916666666667
22.485, 23.0366666666667, 26.3, 29.69, 30.8, 16.37, 16.9366666666667, 19.6, 22.2, 22.915, 20.05, 20.3183333333333, 22.9, 25.4633333333333, 26.4225, 1.2, 1.4, 5.8, 30.4833333333333, 46.7499999999999, 89.3866666666665, 22, 29.2033333333333, 25.3516666666667
22.195, 23, 26.3, 29.9266666666667, 30.83, 16.285, 17.2366666666667, 19.5, 21.8633333333333, 22.56, 20.0425, 20.35, 22.8, 25.4633333333333, 26.4225, 1.2, 1.4, 5.8, 30.4833333333333, 46.7499999999999, 89.3866666666665, 21.8033333333333, 29.1033333333333, 25.25
21.6, 22.8, 26.2, 29.2266666666667, 30.715, 15.8, 17.1366666666667, 19.5, 21.8633333333333, 22.515, 20.0425, 20.3183333333333, 22.55, 25.25, 26.1875, 1.2, 1.4, 5.8, 30.4833333333333, 46.7499999999999, 89.3866666666665, 21.9, 29.0033333333333, 25.2
21.77, 23, 26.2, 29.6533333333333, 30.715, 15.585, 16.8733333333333, 19.4, 21.9633333333333, 22.245, 19.985, 20.3183333333333, 22.55, 25.25, 25.9725, 1.2, 1.4, 5.8, 30.4833333333333, 46.7499999999999, 89.3866666666665, 21.8, 29, 25.2
21.685, 22.6, 26.1, 29, 30.715, 15.6, 17.1366666666667, 19.4, 21.8266666666667, 22.215, 19.8775, 20.3683333333333, 22.55, 25.2316666666667, 25.865, 1.2, 1.4, 5.8, 30.4833333333333, 46.7499999999999, 89.3866666666665, 21.8, 29.1133333333333, 25.25
21.7, 22.7166666666667, 25.9, 28.6833333333333, 30.4, 15.6, 16.8166666666667, 19.4, 21.65, 22.375, 19.8625, 20.4, 22.5, 25.1166666666667, 25.875, 1.2, 1.4, 5.8, 30.4833333333333, 46.7499999999999, 89.3866666666665, 21.7033333333333, 29.1033333333333, 25.25
22.075, 22.7166666666667, 25.6, 28.5, 29.325, 15.675, 16.5166666666667, 19.4, 21.6833333333333, 22.225, 19.8625, 20.4, 22.4, 24.675, 25.4375, 1.2, 1.4, 5.8, 30.4833333333333, 46.7499999999999, 89.3866666666665, 21.7, 29.0033333333333, 25.2
22.075, 23.0333333333333, 25.9, 28.6, 30.025, 15.775, 16.7166666666667, 19.2, 21.6, 22.05, 19.8625, 20.4083333333333, 22.625, 24.6666666666667, 25.5125, 1.2, 1.4, 5.8, 30.4833333333333, 46.7499999999999, 89.3866666666665, 21.6, 28.7, 25
22.38, 23, 26, 28.6, 29.72, 16.35, 16.9, 19.1, 21.6, 22.03, 19.855, 20.5033333333333, 22.45, 24.4966666666667, 25.535, 1.2, 1.4, 5.8, 30.4833333333333, 46.7499999999999, 89.3866666666665, 21.6, 28.7033333333333, 25.0016666666667
22.38, 23.0133333333333, 25.9, 28.8866666666667, 30.93, 16.41, 16.9, 19, 21.6, 22.03, 19.84, 20.55, 22.45, 24.93, 26.155, 1.2, 1.4, 5.8, 30.4833333333333, 46.7499999999999, 89.3866666666665, 21.5, 28.7, 25
22.5, 23, 25.9, 28.7, 30.7, 16, 16.7166666666667, 18.9, 21.5, 21.925, 19.6, 20.4166666666667, 22.375, 24.6916666666667, 25.7125, 1.2, 1.4, 5.8, 30.4833333333333, 46.7499999999999, 89.3866666666665, 21.4, 28.7, 24.9516666666667
21.275, 23, 26, 28.7, 31.175, 15.675, 16.5166666666667, 18.9, 21.3833333333333, 21.925, 19.075, 20.1083333333333, 22.45, 25, 26.1375, 1.2, 1.4, 5.8, 30.4833333333333, 46.7499999999999, 89.3866666666665, 21.4033333333333, 28.6033333333333, 24.8
21.275, 22.3333333333333, 25.95, 28.6, 30.625, 15.6, 16.4166666666667, 18.95, 21.1, 21.9, 18.9125, 19.9, 22.425, 24.9666666666667, 25.6, 1.2, 1.4, 5.8, 30.4833333333333, 46.7499999999999, 89.3866666666665, 21.4, 28.7, 24.8
21.16, 22, 25.9, 28.5733333333333, 30.62, 15.68, 16.4, 19, 21, 21.82, 18.92, 19.8266666666667, 22.4, 24.9466666666667, 25.6, 1.2, 1.4, 5.8, 30.4833333333333, 46.7499999999999, 89.3866666666665, 21.4, 28.7, 24.7033333333333
21.38, 22.1266666666667, 25.8, 28.4733333333333, 29.86, 15.56, 16.4, 19, 21, 21.64, 18.99, 19.8266666666667, 22.2, 24.7733333333333, 25.61, 1.2, 1.4, 5.8, 30.4833333333333, 46.7499999999999, 89.3866666666665, 21.2033333333333, 28.7, 24.6516666666667
21.385, 22.1, 25.6, 28.6633333333333, 29.715, 15.57, 16.4, 19.1, 21.1633333333333, 22.115, 18.8425, 19.9, 22.25, 24.9266666666667, 25.5225, 1.2, 1.4, 5.8, 30.4833333333333, 46.7499999999999, 89.3866666666665, 21.2, 28.7, 24.65
21.4, 22.2366666666667, 25.35, 28.7, 29.715, 15.6, 16.7366666666667, 19, 21.2, 22.215, 19.0425, 19.9366666666667, 22.175, 24.9583333333333, 25.415, 1.2, 1.4, 5.8, 30.4833333333333, 46.7499999999999, 89.3866666666665, 21.2, 28.7, 24.65
21.14, 22.2733333333333, 25.2, 28.9266666666667, 29.715, 15.485, 16.51, 18.9, 21.2, 22.115, 19.02, 19.7683333333333, 22.05, 24.9216666666667, 25.3725, 1.2, 1.4, 5.8, 30.4833333333333, 46.7499999999999, 89.3866666666665, 21.1, 28.7, 24.6333333333333
20.7, 22.1366666666667, 25.1, 29.0633333333333, 30.1, 15.085, 15.7366666666667, 18.7, 21.2, 22.115, 18.8, 19.455, 21.9, 24.8266666666667, 25.3725, 1.2, 1.4, 5.8, 30.4833333333333, 46.7499999999999, 89.3866666666665, 21, 28.6733333333333, 24.55
20.57, 21.3366666666667, 25.05, 28.6633333333333, 29.76, 14.985, 15.6, 18.35, 21.0633333333333, 21.715, 18.0425, 18.8866666666667, 21.575, 24.595, 25.13, 1.2, 1.4, 5.8, 30.4833333333333, 46.7499999999999, 89.3866666666665, 20.9733333333333, 28.7, 24.4366666666667
20.57, 21.3366666666667, 25.1, 28.6633333333333, 30.115, 14.54, 15.2366666666667, 18.25, 20.8, 21.515, 17.885, 18.8183333333333, 21.55, 24.3766666666667, 25.13, 1.2, 1.4, 5.8, 30.4833333333333, 46.7499999999999, 89.3866666666665, 20.9, 28.7, 24.3816666666667
20.185, 21.3366666666667, 25.25, 29, 30.115, 13.955, 15.0366666666667, 18.15, 20.8, 21.5, 17.785, 18.35, 21.65, 24.1316666666667, 25.0875, 1.2, 1.4, 5.8, 30.4833333333333, 46.7499999999999, 89.3866666666665, 20.9, 28.7, 24.3316666666667
20.97, 21.6366666666667, 25.3, 28.4633333333333, 29.93, 13.7, 14.6733333333333, 18.2, 20.8633333333333, 21.415, 17.6925, 18.1916666666667, 21.925, 24.05, 24.7075, 1.2, 1.4, 5.8, 30.4833333333333, 46.7499999999999, 89.3866666666665, 20.8, 28.7, 24.3
21.285, 22.2, 25.45, 28.5, 29.19, 13.7, 14.6366666666667, 18.2, 20.8633333333333, 21.33, 17.9, 18.6866666666667, 21.975, 24, 24.3375, 1.2, 1.4, 5.8, 30.4833333333333, 46.7499999999999, 89.3866666666665, 20.8, 28.6633333333333, 24.3
21.555, 22.2, 25.5, 28.9633333333333, 29.93, 13.7, 14.6, 18.35, 20.8266666666667, 21.5, 18.0925, 18.95, 22, 24.05, 24.7075, 1.2, 1.4, 5.8, 30.4833333333333, 46.7499999999999, 89.3866666666665, 20.8, 28.6, 24.25
21.285, 22.2, 25.4, 28.9633333333333, 29.915, 14.04, 14.7, 18.35, 20.7, 21.33, 18.605, 19, 21.95, 24.05, 24.5725, 1.2, 1.4, 5.8, 30.4833333333333, 46.7499999999999, 89.3866666666665, 20.7, 28.6, 24.1
21.3, 22.2, 25.4, 28.5, 29.815, 14.285, 14.9466666666667, 18.4, 20.6633333333333, 21.115, 18.6925, 19.0183333333333, 21.95, 24.0316666666667, 24.7075, 1.2, 1.4, 5.8, 30.4833333333333, 46.7499999999999, 89.3866666666665, 20.6633333333333, 28.6, 24.0816666666667
21.285, 22.3466666666667, 25.4, 28.6, 30.015, 14.47, 15.2366666666667, 18.3, 20.5, 20.915, 18.7425, 19.1233333333333, 21.875, 23.9266666666667, 25.0225, 1.2, 1.4, 5.8, 30.4833333333333, 46.7499999999999, 89.3866666666665, 20.6, 28.6, 24.05
21.27, 22.4, 25.25, 28.5633333333333, 30.415, 14.6, 15.5366666666667, 18.45, 20.5, 21.215, 18.7425, 19.3, 21.8, 24.3133333333333, 25.15, 1.2, 1.4, 5.8, 30.4833333333333, 46.7499999999999, 89.3866666666665, 20.6, 28.5, 23.9816666666667
21.455, 22.7366666666667, 25.2, 28.1633333333333, 29.745, 15.085, 15.6, 18.6, 20.6, 21.215, 18.735, 19.605, 21.85, 23.945, 25.15, 1.2, 1.4, 5.8, 30.4833333333333, 46.7499999999999, 89.3866666666665, 20.5633333333333, 28.4633333333333, 23.9316666666667
21.94, 22.9366666666667, 25.2, 28.2633333333333, 29.99, 14.47, 15.4733333333333, 18.6, 20.6, 21.215, 18.6425, 19.605, 21.9, 23.8816666666667, 25.1575, 1.2, 1.4, 5.8, 30.4833333333333, 46.7499999999999, 89.3866666666665, 20.5633333333333, 28.5633333333333, 23.9816666666667
21.585, 22.6366666666667, 25.1, 28.5266666666667, 30.53, 14.6, 15.4733333333333, 18.55, 20.6, 20.945, 18.735, 19.4866666666667, 21.7, 24.1816666666667, 25.15, 1.2, 1.4, 5.8, 30.4833333333333, 46.7499999999999, 89.3866666666665, 20.5633333333333, 28.5, 23.95
21.455, 22.4733333333333, 24.95, 29, 30.815, 14.855, 15.6, 18.45, 20.6, 21.03, 18.735, 19.4183333333333, 21.6, 24.295, 25.39, 1.2, 1.4, 5.8, 30.4833333333333, 46.7499999999999, 89.3866666666665, 20.5, 28.6, 23.9316666666667
21.17, 22.4733333333333, 24.8, 28.78, 30.445, 14.6, 15.5366666666667, 18.3, 20.6, 20.915, 18.6425, 19.3, 21.5, 23.8133333333333, 25.0025, 1.2, 1.4, 5.8, 30.4833333333333, 46.7499999999999, 89.3866666666665, 20.4633333333333, 28.5633333333333, 23.8316666666667
20.885, 21.71, 24.5, 28.1633333333333, 29.975, 14.555, 15.3, 17.9, 20.3, 20.73, 18.3925, 19.1683333333333, 21, 23.65, 24.615, 1.2, 1.4, 5.8, 30.4833333333333, 46.7499999999999, 89.3866666666665, 20.4, 28.4, 23.7
20.885, 21.8366666666667, 24.5, 28.5266666666667, 30.445, 14.77, 15.3366666666667, 17.7, 20.3633333333333, 20.9, 18.3925, 19.2, 20.9, 23.65, 24.7375, 1.2, 1.4, 5.8, 30.4833333333333, 46.7499999999999, 89.3866666666665, 20.4, 28.4, 23.7
20.785, 21.9466666666667, 24.7, 28.3266666666667, 30.445, 14.885, 15.4366666666667, 17.6, 20.2, 21.03, 18.3925, 19.1683333333333, 20.95, 23.4633333333333, 25.0025, 1.2, 1.4, 5.8, 30.4833333333333, 46.7499999999999, 89.3866666666665, 20.3, 28.4633333333333, 23.7
20.885, 21.9466666666667, 24.55, 28.4633333333333, 30.275, 14.555, 15.3, 17.4, 20.2, 21.03, 18.35, 19, 21.1, 23.6633333333333, 24.5875, 1.2, 1.4, 5.8, 30.4833333333333, 46.7499999999999, 89.3866666666665, 20.2, 28.3633333333333, 23.65
21.185, 21.6733333333333, 24.6, 28.5633333333333, 30.115, 14.27, 15.3, 17.25, 20.29, 20.745, 18.2675, 19.055, 21.025, 23.6633333333333, 24.7575, 1.2, 1.4, 5.8, 30.4833333333333, 46.7499999999999, 89.3866666666665, 19.8733333333333, 28.5633333333333, 23.5866666666667
21.285, 22.2733333333333, 24.7, 28.8266666666667, 30.275, 14.27, 15.0733333333333, 17.3, 19.8, 20.745, 18.32, 19.0183333333333, 21.15, 23.7, 24.7575, 1.2, 1.4, 5.8, 30.4833333333333, 46.7499999999999, 89.3866666666665, 19.7733333333333, 28.5633333333333, 23.4866666666667
21.01, 22.0366666666667, 24.65, 28.6266666666667, 30.215, 13.87, 14.9, 17.3, 19.8, 20.745, 18.0675, 18.8683333333333, 21.075, 23.6816666666667, 24.58, 1.2, 1.4, 5.8, 30.4833333333333, 46.7499999999999, 89.3866666666665, 19.6733333333333, 28.7, 23.4866666666667
20.3, 21.6, 24.4, 28.6266666666667, 30.115, 12.985, 14.1733333333333, 17.35, 19.7, 20.43, 17.1925, 18.3866666666667, 20.8, 23.5816666666667, 24.3225, 1.2, 1.4, 5.8, 30.4833333333333, 46.7499999999999, 89.3866666666665, 19.6, 28.7, 23.3866666666667
20.285, 21.4366666666667, 24.2, 28.0266666666667, 29.445, 12.88, 13.9, 17.3, 19.4, 19.8, 17.08, 18.19, 20.75, 23.0366666666667, 23.61, 1.2, 1.4, 5.8, 30.4833333333333, 46.7499999999999, 89.3866666666665, 19.4, 28.5633333333333, 23.2866666666667
20.14, 21.0733333333333, 23.9, 28.49, 29.73, 12.88, 13.7266666666667, 17.1, 19.1733333333333, 19.62, 17.12, 17.93, 20.7, 22.96, 23.57, 1.2, 1.4, 5.8, 30.4833333333333, 46.7499999999999, 89.3866666666665, 19.3, 28.4, 23.15
20.285, 21.0366666666667, 23.9, 28.5266666666667, 29.73, 12.88, 13.8266666666667, 16.7, 18.9733333333333, 19.62, 17.12, 17.9166666666667, 20.6, 22.7, 23.39, 1.2, 1.4, 5.8, 30.4833333333333, 46.7499999999999, 89.3866666666665, 19.3, 28.4, 23.15
20.385, 21.1366666666667, 24.2, 28.99, 29.915, 12.88, 14.1266666666667, 16.6, 19.0733333333333, 19.62, 17.19, 18.1133333333333, 20.65, 22.96, 23.66, 1.2, 1.4, 5.8, 30.4833333333333, 46.7499999999999, 89.3866666666665, 19.3, 28.2633333333333, 23.05
20.6, 21.5366666666667, 24.55, 29.0633333333333, 30.03, 13.42, 14.2533333333333, 16.6, 19.3, 20.08, 17.7, 18.5133333333333, 20.6, 23.05, 24.32, 1.2, 1.4, 5.8, 30.4833333333333, 46.7499999999999, 89.3866666666665, 19.3, 28.1, 22.9866666666667
20.5, 21.1366666666667, 24.45, 29.0633333333333, 30.03, 13.1, 14.2, 16.55, 19.2633333333333, 19.915, 17.485, 18.1866666666667, 20.45, 23.2133333333333, 24.3025, 1.2, 1.4, 5.8, 30.4833333333333, 46.7499999999999, 89.3866666666665, 19.2, 27.8633333333333, 22.8233333333333
19.87, 20.8, 24.2, 28.3266666666667, 29.245, 13.055, 14.2, 16.6, 19.2, 19.915, 16.955, 17.86, 20.4, 23.05, 24.015, 1.2, 1.4, 5.8, 30.4833333333333, 46.7499999999999, 89.3866666666665, 18.9, 27.5266666666667, 22.5366666666667
19.385, 20.2733333333333, 23.6, 27.1266666666667, 29.015, 12.385, 13.3733333333333, 16.45, 19.2, 19.73, 16.4975, 17.1183333333333, 20.15, 22.9316666666667, 23.49, 1.2, 1.4, 5.8, 30.4833333333333, 46.7499999999999, 89.3866666666665, 18.9, 27, 22.4366666666667
19.255, 19.9366666666667, 22.8, 26.5266666666667, 27.945, 12.385, 13.0366666666667, 16.2, 18.9633333333333, 19.515, 16.1925, 16.905, 19.6, 22.3316666666667, 23.1075, 1.2, 1.4, 5.8, 30.4833333333333, 46.7499999999999, 89.3866666666665, 18.9, 27, 22.35
19.255, 19.8366666666667, 22.6, 25.79, 27.305, 11.885, 12.6, 16, 18.7, 19.215, 16.15, 16.8, 19.325, 21.9, 22.765, 1.2, 1.4, 5.8, 30.4833333333333, 46.7499999999999, 89.3866666666665, 18.8, 26.9633333333333, 22.2366666666667
19.255, 19.8366666666667, 22.6, 25.1633333333333, 25.9, 11.225, 12.6, 15.7, 18.5, 19.415, 15.9275, 16.8, 19.125, 21.4816666666667, 21.98, 1.2, 1.4, 5.8, 30.4833333333333, 46.7499999999999, 89.3866666666665, 18.7, 26.8, 22.2316666666667
19.6, 20.0366666666667, 22.65, 25.6, 26.3, 11.27, 12.6, 15.5, 18.3633333333333, 19.415, 16.12, 16.905, 19.075, 21.4816666666667, 22.165, 1.2, 1.4, 5.8, 30.4833333333333, 46.7499999999999, 89.3866666666665, 18.5, 26.4, 22.0816666666667
19.6, 20.1, 22.95, 25.9633333333333, 26.65, 11.64, 12.6, 15.35, 18.09, 19.06, 16.035, 17.0366666666667, 19.15, 21.5316666666667, 22.3575, 1.2, 1.4, 5.8, 30.4833333333333, 46.7499999999999, 89.3866666666665, 18.4, 26.3, 21.95
19.6, 20.2366666666667, 23.15, 26.2633333333333, 27.73, 11.27, 12.6, 15.2, 18.0533333333333, 18.915, 16.0125, 17.105, 19.125, 21.6316666666667, 22.3575, 1.2, 1.4, 5.8, 30.4833333333333, 46.7499999999999, 89.3866666666665, 18.2, 26.0733333333333, 21.6866666666667
19.4, 20.0366666666667, 23.15, 26.2633333333333, 27.7, 11.61, 12.8, 15.2, 17.6633333333333, 18.73, 16.22, 17.2366666666667, 19.025, 21.5316666666667, 22.15, 1.2, 1.4, 5.8, 30.4833333333333, 46.7499999999999, 89.3866666666665, 17.8733333333333, 25.9, 21.45
19.3, 19.8733333333333, 23.2, 26.2633333333333, 27.7, 11.955, 12.8366666666667, 15.2, 17.3633333333333, 18.515, 16.505, 17.2183333333333, 19.125, 21.5316666666667, 22.18, 1.2, 1.4, 5.8, 30.4833333333333, 46.7499999999999, 89.3866666666665, 17.6, 25.6, 21.15
19.285, 19.8, 23.25, 25.9633333333333, 26.735, 11.955, 12.7366666666667, 15.15, 17.3, 18.245, 16.0275, 17.105, 19.1, 21.2816666666667, 22.15, 1.2, 1.4, 5.8, 30.4833333333333, 46.7499999999999, 89.3866666666665, 17.3833333333333, 25.7, 21.05
18.94, 19.7266666666667, 22.9, 25.6733333333333, 26.66, 11.92, 12.8266666666667, 15, 17.1, 17.8, 16.22, 17.09, 18.85, 21.15, 21.66, 1.2, 1.4, 5.8, 30.4833333333333, 46.7499999999999, 89.3866666666665, 17.2, 26, 21.1333333333333
19.2, 20, 22.8, 25.5733333333333, 26.52, 11.68, 12.7, 14.8, 16.9733333333333, 17.32, 16.25, 17.0633333333333, 18.8, 20.6366666666667, 21.17, 1.2, 1.4, 5.8, 30.4833333333333, 46.7499999999999, 89.3866666666665, 17.1833333333333, 26.1833333333333, 21.15
19.16, 20.0266666666667, 22.8, 25.4733333333333, 26.52, 11.6, 12.1266666666667, 14.7, 17, 17.32, 16.02, 16.8133333333333, 18.75, 20.35, 21.15, 1.2, 1.4, 5.8, 30.4833333333333, 46.7499999999999, 89.3866666666665, 17.1, 26.2, 21.0416666666667
18.6, 19.3266666666667, 22.7, 25.3466666666667, 26.52, 11.22, 12.1266666666667, 14.6, 16.9733333333333, 17.22, 15.88, 16.55, 18.65, 20.3, 21.07, 1.2, 1.4, 5.8, 30.4833333333333, 46.7499999999999, 89.3866666666665, 17.1, 26.2833333333333, 21
18.6, 18.9166666666667, 22.5, 25.8666666666667, 26.675, 10.775, 11.8166666666667, 14.5, 16.9666666666667, 17.325, 15.6, 16.325, 18.45, 20.5583333333333, 21.075, 1.2, 1.4, 5.8, 30.4833333333333, 46.7499999999999, 89.3866666666665, 17.1, 26.2, 21
18.6, 19.2, 22.7, 26.1, 27.44, 10.8, 11.7266666666667, 14.5, 16.9733333333333, 17.4, 15.61, 16.15, 18.55, 20.7366666666667, 21.64, 1.2, 1.4, 5.8, 30.4833333333333, 46.7499999999999, 89.3866666666665, 17.1, 26.2, 20.9916666666667
18.6, 18.9, 22.8, 26.3, 28.1, 10.88, 11.7, 14.4, 17.1, 17.52, 15.49, 16.15, 18.6, 21, 21.86, 1.2, 1.4, 5.8, 30.4833333333333, 46.7499999999999, 89.3866666666665, 17, 26.1, 20.7916666666667
18.6, 19.0533333333333, 22.5, 26.5466666666667, 28.1, 11.18, 11.7, 14.3, 17, 17.44, 15.49, 16.15, 18.55, 21.0366666666667, 21.76, 1.2, 1.4, 5.8, 30.4833333333333, 46.7499999999999, 89.3866666666665, 16.9833333333333, 26, 20.6416666666667
18.6, 19.2266666666667, 22.5, 26.8733333333333, 28.1, 10.7, 11.5, 14.3, 17, 17.6, 15.49, 16.15, 18.45, 21.0733333333333, 21.81, 1.2, 1.4, 5.8, 30.4833333333333, 46.7499999999999, 89.3866666666665, 16.9, 26.1, 20.6916666666667
18.585, 19.3, 22.5, 26.8633333333333, 27.59, 10.685, 11.3733333333333, 14.3, 17, 17.63, 15.3, 16.15, 18.45, 21.1316666666667, 21.8075, 1.2, 1.4, 5.8, 30.4833333333333, 46.7499999999999, 89.3866666666665, 17, 26, 20.6
18.47, 19.1733333333333, 22.25, 26.4, 27.33, 10.485, 11.1366666666667, 14.15, 17.3266666666667, 18.03, 15.2125, 15.7, 18.3, 20.9816666666667, 21.7875, 1.2, 1.4, 5.8, 30.4833333333333, 46.7499999999999, 89.3866666666665, 17, 26, 20.5866666666667
18.3, 19.0366666666667, 22, 26.0433333333333, 27.3, 10.385, 10.8366666666667, 14.1, 17.0266666666667, 17.915, 14.985, 15.7, 17.925, 20.6266666666667, 21.615, 1.2, 1.4, 5.8, 30.4833333333333, 46.7499999999999, 89.3866666666665, 17, 26, 20.5916666666667
18.27, 18.9366666666667, 21.7, 25.2633333333333, 27.215, 10.285, 10.7366666666667, 14.1, 16.8633333333333, 18.03, 14.8925, 15.5866666666667, 17.775, 20.3316666666667, 21.515, 1.2, 1.4, 5.8, 30.4833333333333, 46.7499999999999, 89.3866666666665, 16.9, 26, 20.5416666666667
18.3, 19.3, 21.7, 25.2, 26.7, 10.385, 11, 13.8, 16.8633333333333, 17.93, 15.2125, 15.6683333333333, 17.725, 20.3316666666667, 21.365, 1.2, 1.4, 5.8, 30.4833333333333, 46.7499999999999, 89.3866666666665, 16.9, 26, 20.5416666666667
18.27, 19.3, 21.7, 24.6633333333333, 26.4, 10.57, 11.1, 13.9, 17.09, 18.015, 15.5, 15.85, 17.7, 20.1316666666667, 20.7025, 1.2, 1.4, 5.8, 30.4833333333333, 46.7499999999999, 89.3866666666665, 16.8733333333333, 25.5733333333333, 20.45
18.27, 19.3, 21.7, 24.5633333333333, 26.06, 10.6, 11, 14.1, 16.8633333333333, 17.915, 15.65, 16.0183333333333, 17.7, 20.1316666666667, 20.6725, 1.2, 1.4, 5.8, 30.4833333333333, 46.7499999999999, 89.3866666666665, 16.8, 25.2, 20.2
18.22, 19.1533333333333, 21.7, 24.5, 26.28, 10.76, 11.0266666666667, 14.1, 16.9, 18, 15.63, 15.9, 17.7, 20.06, 20.68, 1.2, 1.4, 5.8, 30.4833333333333, 46.7499999999999, 89.3866666666665, 16.6733333333333, 24.9466666666667, 20.1366666666667
17.84, 19.1266666666667, 21.8, 24.6466666666667, 26.52, 10.76, 11.2266666666667, 14.1, 16.8, 17.92, 15.62, 15.9266666666667, 17.75, 20.15, 20.68, 1.2, 1.4, 5.8, 30.4833333333333, 46.7499999999999, 89.3866666666665, 16.5733333333333, 24.7733333333333, 19.9866666666667
17.38, 19.1266666666667, 21.9, 24.5, 26.22, 10.78, 11.1266666666667, 14, 16.7466666666667, 17.06, 15.45, 15.9, 17.8, 20.0966666666667, 20.6, 1.2, 1.4, 5.8, 30.4833333333333, 46.7499999999999, 89.3866666666665, 16.5, 24.6, 19.95
17.38, 18.58, 21.5, 24.4733333333333, 26.22, 10.68, 11.1, 13.9, 16.2, 17, 14.95, 15.65, 17.75, 19.8, 20.6, 1.2, 1.4, 5.8, 30.4833333333333, 46.7499999999999, 89.3866666666665, 16.3733333333333, 24.5, 19.9
17.16, 18.3266666666667, 21.3, 24.2, 25.4, 10.38, 10.8533333333333, 13.7, 16.1733333333333, 16.92, 14.33, 15.2, 17.6, 19.4966666666667, 20.22, 1.2, 1.4, 5.8, 30.4833333333333, 46.7499999999999, 89.3866666666665, 16.3, 24.4, 19.9
17.17, 18.3366666666667, 21.3, 24.1266666666667, 25.4, 9.585, 10.6, 13.45, 16.1633333333333, 16.7, 14.2425, 14.9683333333333, 17.55, 19.35, 20.415, 1.2, 1.4, 5.8, 30.4833333333333, 46.7499999999999, 89.3866666666665, 16.3, 24.2, 19.85
17.17, 18.2, 21.05, 24.1533333333333, 25.475, 9.4, 10.4733333333333, 13.15, 16.0633333333333, 16.7, 13.625, 14.8866666666667, 17.275, 19.35, 20.1025, 1.2, 1.4, 5.8, 30.4833333333333, 46.7499999999999, 89.3866666666665, 16.2733333333333, 24.1, 19.8
17.185, 18.2, 20.9, 23.9, 25.475, 9.4, 10.1366666666667, 13, 16.0266666666667, 16.515, 13.625, 14.7366666666667, 16.975, 19.35, 20, 1.2, 1.4, 5.8, 30.4833333333333, 46.7499999999999, 89.3866666666665, 16.2, 23.9733333333333, 19.66
17.185, 18.2, 20.8, 24.19, 25.56, 9.3, 9.67333333333333, 13, 15.7633333333333, 16.415, 13.2, 14.405, 16.875, 19.645, 20.1, 1.2, 1.4, 5.8, 30.4833333333333, 46.7499999999999, 89.3866666666665, 16, 23.9, 19.35
17.055, 18, 20.75, 23.9633333333333, 25.96, 9.385, 9.8, 12.9, 15.8633333333333, 16.515, 13.625, 14.3, 16.625, 19.8583333333333, 20.43, 1.2, 1.4, 5.8, 30.4833333333333, 46.7499999999999, 89.3866666666665, 15.9, 23.8, 19.225
16.57, 17.6, 20.6, 23.8, 25.33, 9.4, 9.87333333333333, 12.55, 15.7, 16.415, 13.2, 14.25, 16.45, 19.645, 20.175, 1.2, 1.4, 5.8, 30.4833333333333, 46.7499999999999, 89.3866666666665, 15.7733333333333, 23.6, 19.05
16.77, 17.6366666666667, 20.2, 23.4633333333333, 24.075, 9.1, 9.73666666666667, 12.3, 15.7633333333333, 16.53, 13.1775, 14.1866666666667, 16.35, 19.0133333333333, 20.1, 1.2, 1.4, 5.8, 30.4833333333333, 46.7499999999999, 89.3866666666665, 15.7, 23.4733333333333, 18.9866666666667
16.77, 17.5, 19.95, 23.1, 23.8, 8.87, 9.7, 12.2, 15.7, 16.7, 13.2, 14.1, 16.2, 18.7816666666667, 20.0575, 1.2, 1.4, 5.8, 30.4833333333333, 46.7499999999999, 89.3866666666665, 15.6, 23.2733333333333, 18.7866666666667
16.38, 17.4266666666667, 19.8, 23.0733333333333, 23.8, 8.66, 9.7, 12, 15.6, 16.7, 13.09, 14.1, 16.1, 18.5733333333333, 19.13, 1.2, 1.4, 5.8, 30.4833333333333, 46.7499999999999, 89.3866666666665, 15.4, 23.3, 18.7
15.92, 17.3, 19.8, 22.6466666666667, 23.56, 8.7, 9.30666666666666, 12, 15.4733333333333, 16.7, 12.94, 14.1, 16.1, 18.0866666666667, 18.89, 1.2, 1.4, 5.8, 30.4833333333333, 46.7499999999999, 89.3866666666665, 15.3733333333333, 23.0733333333333, 18.5733333333333
16.16, 17.3, 19.8, 22.1466666666667, 23.4, 8.5, 9, 12, 15.12, 16.7, 12.93, 13.7533333333333, 16, 18.0366666666667, 18.81, 1.2, 1.4, 5.8, 30.4833333333333, 46.7499999999999, 89.3866666666665, 15.2, 22.9733333333333, 18.4233333333333
15.92, 17.2, 19.5, 22, 23.32, 8.58, 9, 12, 14.9, 16.54, 12.99, 13.6633333333333, 15.6, 18.0366666666667, 18.81, 1.2, 1.4, 5.8, 30.4833333333333, 46.7499999999999, 89.3866666666665, 15.2, 22.7, 18.1866666666667
15.56, 16.68, 19.6, 21.8, 23.32, 8.48, 8.92666666666667, 11.9, 14.5, 15.44, 12.85, 13.55, 15.6, 17.9233333333333, 18.26, 1.2, 1.4, 5.8, 30.4833333333333, 46.7499999999999, 89.3866666666665, 14.9, 22.5, 18.05
16, 17.0366666666667, 19.6, 21.6633333333333, 22.56, 8.5, 9, 11.7, 14.4633333333333, 15.245, 12.935, 13.6683333333333, 15.6, 17.8133333333333, 18.1575, 1.2, 1.4, 5.8, 30.4833333333333, 46.7499999999999, 89.3866666666665, 14.7733333333333, 22.4466666666667, 17.95
16.34, 17.1366666666667, 19.4, 21.7, 22.56, 8.485, 8.93666666666667, 11.6, 14.4, 15.245, 12.9925, 13.6683333333333, 15.6, 17.5816666666667, 18.065, 1.2, 1.4, 5.8, 30.4833333333333, 46.7499999999999, 89.3866666666665, 14.6, 22.1, 17.9366666666667
16.1, 17.31, 19.55, 21.8633333333333, 23.045, 8.255, 8.77333333333333, 11.6, 14.4633333333333, 15.23, 13.085, 13.605, 15.575, 17.7316666666667, 18.265, 1.2, 1.4, 5.8, 30.4833333333333, 46.7499999999999, 89.3866666666665, 14.5, 22.2733333333333, 17.9
16.385, 17.3833333333333, 19.75, 22.0633333333333, 23.1, 8.2, 8.7, 11.6, 14.5, 15.2, 13.185, 13.7366666666667, 15.6, 17.8766666666667, 18.365, 1.2, 1.4, 5.8, 30.4833333333333, 46.7499999999999, 89.3866666666665, 14.5733333333333, 22.2, 17.9366666666667
16.27, 17.5, 19.7, 22.39, 23.015, 8.3, 8.83666666666667, 11.45, 14.5, 14.945, 13.3275, 13.7366666666667, 15.55, 17.9633333333333, 18.4725, 1.2, 1.4, 5.8, 30.4833333333333, 46.7499999999999, 89.3866666666665, 14.5, 22.2, 17.8916666666667
15.955, 17.1366666666667, 19.8, 22.6633333333333, 23.1, 8.285, 8.73666666666667, 11.1, 14.5, 14.9, 12.9425, 13.55, 15.525, 17.9, 18.6, 1.2, 1.4, 5.8, 30.4833333333333, 46.7499999999999, 89.3866666666665, 14.4733333333333, 22.1, 17.6733333333333
16, 17.1366666666667, 19.8, 22.6633333333333, 23.1, 8.2, 8.7, 11, 14.5, 14.9, 12.4775, 13.55, 15.5, 17.9633333333333, 18.3025, 1.2, 1.4, 5.8, 30.4833333333333, 46.7499999999999, 89.3866666666665, 14.4, 22.1, 17.55
15.955, 16.9733333333333, 19.75, 22.8, 23.1, 8.2, 8.73666666666667, 11.05, 14.5, 14.9, 12.2775, 13.6916666666667, 15.5, 17.8266666666667, 18.3025, 1.2, 1.4, 5.8, 30.4833333333333, 46.7499999999999, 89.3866666666665, 14.4, 22.1, 17.55
15.64, 16.7366666666667, 19.55, 22.7633333333333, 23.115, 8.085, 8.93666666666667, 11.1, 14.7266666666667, 15.245, 12.0325, 13.45, 15.45, 17.8266666666667, 18.6, 1.2, 1.4, 5.8, 30.4833333333333, 46.7499999999999, 89.3866666666665, 14.4, 22.1, 17.55
15.62, 16.6266666666667, 19.4, 22.9, 23.3, 7.64, 8.45333333333333, 11, 14.4466666666667, 14.96, 11.54, 13.02, 15.4, 17.6733333333333, 18.4, 1.2, 1.4, 5.8, 30.4833333333333, 46.7499999999999, 89.3866666666665, 14.3, 22.1, 17.55
15.32, 16.3066666666667, 19.3, 22.5666666666667, 23.22, 7.66, 8.32666666666667, 11, 14.2733333333333, 15.26, 11.8, 12.7266666666667, 15.25, 17.2866666666667, 18.01, 1.2, 1.4, 5.8, 30.4833333333333, 46.7499999999999, 89.3866666666665, 14.3, 22.1, 17.5
15.08, 16.0533333333333, 18.8, 22.1733333333333, 23.3, 7.44, 8.15333333333333, 11, 13.8466666666667, 14.96, 11.8, 12.54, 14.95, 17.25, 17.91, 1.2, 1.4, 5.8, 30.4833333333333, 46.7499999999999, 89.3866666666665, 14.2, 22.1, 17.45
14.58, 15.7266666666667, 18.7, 21.7733333333333, 22.94, 7.2, 8.1, 10.7, 13.8733333333333, 14.94, 11.54, 12.4633333333333, 14.75, 17.1, 17.74, 1.2, 1.4, 5.8, 30.4833333333333, 46.7499999999999, 89.3866666666665, 14, 22.1, 17.3
14.58, 15.5, 18.4, 21.2733333333333, 22.48, 7.2, 8.02666666666667, 10.6, 13.6733333333333, 14.62, 11.51, 12.25, 14.55, 17.0733333333333, 17.62, 1.2, 1.4, 5.8, 30.4833333333333, 46.7499999999999, 89.3866666666665, 13.8833333333333, 21.8833333333333, 17.2416666666667
14.755, 15.5, 18.35, 20.7, 22.13, 7.285, 8.03666666666667, 10.6, 13.6633333333333, 14.615, 11.6425, 12.25, 14.45, 16.89, 17.615, 1.2, 1.4, 5.8, 30.4833333333333, 46.7499999999999, 89.3866666666665, 13.7, 21.8, 17.0916666666667
14.885, 15.6, 18.4, 20.89, 22.1, 7.2, 8.03666666666667, 10.25, 13.6, 14.63, 11.6425, 12.2683333333333, 14.4, 16.6816666666667, 17.615, 1.2, 1.4, 5.8, 30.4833333333333, 46.7499999999999, 89.3866666666665, 13.5, 21.6833333333333, 16.85
14.88, 15.9533333333333, 18.4, 21.2, 22.14, 7.2, 7.85333333333333, 10.1, 13.3733333333333, 14.56, 11.64, 12.2633333333333, 14.25, 16.5366666666667, 17.62, 1.2, 1.4, 5.8, 30.4833333333333, 46.7499999999999, 89.3866666666665, 13.3833333333333, 21.3833333333333, 16.7
15.14, 15.6, 18.3, 21.2, 22.14, 7.14, 7.4, 9.9, 13.1466666666667, 13.78, 11.59, 12.0033333333333, 14.15, 16.4233333333333, 17.56, 1.2, 1.4, 5.8, 30.4833333333333, 46.7499999999999, 89.3866666666665, 13.1833333333333, 20.7, 16.5
15.16, 15.6, 18.2, 21.2, 22.1, 7.14, 7.4, 9.6, 13, 13.78, 11.63, 11.8633333333333, 14.05, 16.3, 17.07, 1.2, 1.4, 5.8, 30.4833333333333, 46.7499999999999, 89.3866666666665, 13, 20.5, 16.4
15, 15.3533333333333, 18, 20.7, 21.76, 6.9, 7.4, 9.6, 12.8733333333333, 13.68, 11.55, 11.8633333333333, 13.8, 16.2366666666667, 16.83, 1.2, 1.4, 5.8, 30.4833333333333, 46.7499999999999, 89.3866666666665, 12.9733333333333, 20.4, 16.3
14.4, 15.1, 17.7, 20.4733333333333, 21.76, 6.88, 7.3, 9.5, 12.5933333333333, 13.32, 11.44, 11.7633333333333, 13.45, 16.2, 16.71, 1.2, 1.4, 5.8, 30.4833333333333, 46.7499999999999, 89.3866666666665, 12.7, 20.2, 16.1866666666667
14.4, 15, 17.6, 20, 20.715, 6.67, 7.13666666666667, 9.4, 11.9266666666667, 13, 11.2, 11.7183333333333, 13.275, 15.8533333333333, 16.43, 1.2, 1.4, 5.8, 30.4833333333333, 46.7499999999999, 89.3866666666665, 12.6, 20.3, 16.1366666666667
14.4, 15, 17.6, 19.6, 20.1, 6.7, 7.1, 9.45, 11.4633333333333, 12.715, 11.2, 11.7, 13.25, 15.1816666666667, 16.2575, 1.2, 1.4, 5.8, 30.4833333333333, 46.7499999999999, 89.3866666666665, 12.3, 20.1733333333333, 15.9866666666667
13.985, 15, 17.5, 19.6, 20, 6.455, 7.1, 9.5, 11.4, 12.2, 11.0925, 11.5, 13.35, 15, 15.4725, 1.2, 1.4, 5.8, 30.4833333333333, 46.7499999999999, 89.3866666666665, 12.2, 20.1, 15.8366666666667
13.9, 14.8366666666667, 17.3, 19.6, 20, 6.285, 7.1, 9.5, 11.7266666666667, 12.2, 11.0425, 11.355, 13.35, 15, 15.4725, 1.2, 1.4, 5.8, 30.4833333333333, 46.7499999999999, 89.3866666666665, 12.2, 20, 15.7866666666667
14, 14.9366666666667, 17.3, 19.3633333333333, 19.845, 6.385, 6.91, 9.35, 11.9633333333333, 12.2, 10.97, 11.45, 13.425, 15.1316666666667, 15.6725, 1.2, 1.4, 5.8, 30.4833333333333, 46.7499999999999, 89.3866666666665, 12.1, 20, 15.6866666666667
13.985, 14.9366666666667, 17.45, 19.7, 20.53, 6.3, 6.91, 9.45, 12.1, 12.615, 10.885, 11.45, 13.45, 15.3133333333333, 15.965, 1.2, 1.4, 5.8, 30.4833333333333, 46.7499999999999, 89.3866666666665, 12, 19.9, 15.4316666666667
13.985, 15.0366666666667, 17.5, 20.0266666666667, 20.715, 6.4, 7.2, 9.5, 12.1, 12.715, 11.0925, 11.45, 13.5, 15.4316666666667, 15.965, 1.2, 1.4, 5.8, 30.4833333333333, 46.7499999999999, 89.3866666666665, 12, 19.7, 15.35
14.27, 15.1366666666667, 17.55, 20.1, 20.815, 6.57, 7.33666666666667, 9.65, 12.0633333333333, 12.715, 11.2, 11.705, 13.5, 15.595, 15.965, 1.2, 1.4, 5.8, 30.4833333333333, 46.7499999999999, 89.3866666666665, 11.7633333333333, 19.7, 15.35
14.355, 15.2, 17.7, 20.1, 20.715, 6.385, 7.2, 9.65, 12.1, 12.83, 10.885, 11.8183333333333, 13.5, 15.7316666666667, 16.08, 1.2, 1.4, 5.8, 30.4833333333333, 46.7499999999999, 89.3866666666665, 11.7, 19.7, 15.3
14.485, 15.3, 17.6, 20.0633333333333, 20.33, 6.285, 7.13666666666667, 9.6, 12.39, 13.53, 10.635, 11.6866666666667, 13.625, 15.7816666666667, 16.35, 1.2, 1.4, 5.8, 30.4833333333333, 46.7499999999999, 89.3866666666665, 11.7, 19.6633333333333, 15.3
14.485, 15.2366666666667, 17.4, 19.8266666666667, 20.2, 6.185, 6.9, 9.5, 12, 13.415, 10.635, 11.4183333333333, 13.5, 15.4133333333333, 16.01, 1.2, 1.4, 5.8, 30.4833333333333, 46.7499999999999, 89.3866666666665, 11.7, 19.8, 15.35
14.355, 14.8, 17.4, 19.6, 20.2, 6.085, 6.5, 9.2, 12.0633333333333, 13.415, 10.55, 10.9366666666667, 13.375, 15.4816666666667, 16.35, 1.2, 1.4, 5.8, 30.4833333333333, 46.7499999999999, 89.3866666666665, 11.7, 19.8, 15.35
14.185, 14.7, 17.2, 19.6, 20.2, 5.87, 6.43666666666667, 8.85, 12, 13.415, 10.5, 10.7183333333333, 13, 15.4133333333333, 16.35, 1.2, 1.4, 5.8, 30.4833333333333, 46.7499999999999, 89.3866666666665, 11.6733333333333, 19.9, 15.35
13.9, 14.7, 17, 19.5633333333333, 19.945, 5.985, 6.5, 8.6, 11.6, 13.23, 10.635, 10.7683333333333, 12.95, 14.7816666666667, 16.01, 1.2, 1.4, 5.8, 30.4833333333333, 46.7499999999999, 89.3866666666665, 11.5733333333333, 19.8733333333333, 15.35
13.985, 14.6366666666667, 17, 19.6, 20.03, 5.9, 6.43666666666667, 8.55, 10.99, 11.7, 10.65, 10.9366666666667, 12.85, 14.75, 15.615, 1.2, 1.4, 5.8, 30.4833333333333, 46.7499999999999, 89.3866666666665, 11.6, 19.8733333333333, 15.3416666666667
13.985, 14.6, 17.2, 19.8633333333333, 20.45, 5.9, 6.53666666666667, 8.65, 10.8633333333333, 11.615, 10.635, 10.9366666666667, 12.975, 15.045, 15.8, 1.2, 1.4, 5.8, 30.4833333333333, 46.7499999999999, 89.3866666666665, 11.5, 19.7733333333333, 15.3
14.16, 14.6, 17.2, 19.8, 20.58, 6.1, 6.67333333333333, 8.75, 10.9, 11.6, 10.7, 11.4, 13.05, 14.9, 15.72, 1.2, 1.4, 5.8, 30.4833333333333, 46.7499999999999, 89.3866666666665, 11.6, 19.7733333333333, 15.3
13.76, 14.5266666666667, 17.2, 19.8733333333333, 20.74, 6.06, 6.42666666666667, 8.9, 11.2, 11.62, 10.7375, 11.4, 13.075, 15.0916666666667, 15.725, 1.2, 1.4, 5.8, 30.4833333333333, 46.7499999999999, 89.3866666666665, 11.6, 19.8, 15.3416666666667
13.8, 14.5266666666667, 17.2, 19.6733333333333, 20.74, 6.06, 6.42666666666667, 9.2, 11.2733333333333, 11.62, 10.725, 11.3083333333333, 13.05, 15.275, 15.8, 1.2, 1.4, 5.8, 30.4833333333333, 46.7499999999999, 89.3866666666665, 11.5733333333333, 19.7733333333333, 15.3
13.76, 14.3266666666667, 16.9, 19.6733333333333, 20.74, 6.04, 6.92666666666667, 9.2, 11.4, 11.82, 10.5, 11.2666666666667, 12.85, 15.3, 15.9625, 1.2, 1.4, 5.8, 30.4833333333333, 46.7499999999999, 89.3866666666665, 11.4, 19.8, 15.15
13.76, 14.6, 16.8, 19.6, 21.16, 6.12, 6.85333333333333, 9.1, 11.5733333333333, 11.9, 10.65, 11.2666666666667, 12.8, 15.275, 16.025, 1.2, 1.4, 5.8, 30.4833333333333, 46.7499999999999, 89.3866666666665, 11.4, 19.8, 15.15
13.77, 14.4466666666667, 16.7, 20.1266666666667, 21.715, 5.5, 6.42666666666667, 9, 11.6, 12.12, 10.5, 11.04, 12.8, 15.3366666666667, 16.29, 1.2, 1.4, 5.8, 30.4833333333333, 46.7499999999999, 89.3866666666665, 11.4, 19.8, 15.1416666666667
14.055, 14.7, 16.8, 20.8266666666667, 21.815, 5.755, 6.73666666666667, 9, 11.6633333333333, 12.5, 10.67, 11.15, 12.8, 15.4133333333333, 16.2675, 1.2, 1.4, 5.8, 30.4833333333333, 46.7499999999999, 89.3866666666665, 11.4, 19.7, 15.1
14.1, 14.7366666666667, 16.8, 20.9633333333333, 21.9, 5.5, 6.5, 8.8, 11.8633333333333, 12.53, 10.4, 11.15, 12.825, 15.4816666666667, 16.5225, 1.2, 1.4, 5.8, 30.4833333333333, 46.7499999999999, 89.3866666666665, 11.4, 19.6, 15.1
14.385, 14.7366666666667, 16.75, 20.9633333333333, 21.815, 5.67, 6.4, 8.8, 11.6633333333333, 12.7, 10.4, 11.1, 12.8, 15.3133333333333, 16.2025, 1.2, 1.4, 5.8, 30.4833333333333, 46.7499999999999, 89.3866666666665, 11.4, 19.6, 14.9966666666667
14.27, 14.7, 16.7, 20.28, 21.715, 5.5, 5.83666666666667, 8.6, 12.08, 13.015, 10.2275, 10.9, 12.675, 15.1583333333333, 15.85, 1.2, 1.4, 5.8, 30.4833333333333, 46.7499999999999, 89.3866666666665, 11.4, 19.4, 14.8966666666667
13.8, 14.5, 16.7, 19.7, 20.915, 5.685, 5.8, 8.2, 12.3633333333333, 12.83, 10.0925, 10.6183333333333, 12.575, 14.9633333333333, 15.75, 1.2, 1.4, 5.8, 30.4833333333333, 46.7499999999999, 89.3866666666665, 11.4, 19.3733333333333, 14.8916666666667
13.7, 14.4, 16.6, 19.4, 20, 5.56, 5.8, 7.9, 11.6733333333333, 12.72, 10.09, 10.4, 12.45, 14.8366666666667, 15.31, 1.2, 1.4, 5.8, 30.4833333333333, 46.7499999999999, 89.3866666666665, 11.4, 19.4, 14.8366666666667
13.68, 14.4, 16.6, 19.2733333333333, 19.7, 5.4, 5.72666666666667, 7.9, 11.2, 12.62, 10.04, 10.3133333333333, 12.3, 14.75, 15.21, 1.2, 1.4, 5.8, 30.4833333333333, 46.7499999999999, 89.3866666666665, 11.4, 19.3, 14.8
13.68, 14.4, 16.6, 19.3733333333333, 19.62, 5.2, 5.7, 7.8, 11.1466666666667, 12.42, 10.04, 10.3133333333333, 12.25, 14.55, 15.02, 1.2, 1.4, 5.8, 30.4833333333333, 46.7499999999999, 89.3866666666665, 11.4, 19.4, 14.7866666666667
13.68, 14.4, 16.6, 19, 19.52, 5.14, 5.62666666666667, 7.8, 10.8733333333333, 11.8, 10.04, 10.3133333333333, 12.2, 14.4, 14.85, 1.2, 1.4, 5.8, 30.4833333333333, 46.7499999999999, 89.3866666666665, 11.4, 19.4, 14.85
14.02, 14.4, 16.7, 19, 19.42, 4.9, 5.45333333333333, 8.1, 10.7733333333333, 11.46, 10.12, 10.44, 12.25, 14.4, 14.89, 1.2, 1.4, 5.8, 30.4833333333333, 46.7499999999999, 89.3866666666665, 11.3, 19.4, 14.85
13.67, 14.4, 16.85, 19.1, 19.63, 4.9, 5.53666666666667, 8.15, 10.7633333333333, 11.86, 9.885, 10.55, 12.45, 14.4816666666667, 15.25, 1.2, 1.4, 5.8, 30.4833333333333, 46.7499999999999, 89.3866666666665, 11.3, 19.4, 14.85
14.285, 14.7, 17.15, 19.1633333333333, 20, 5.37, 5.93666666666667, 8.4, 11.2533333333333, 11.86, 10.2925, 10.9183333333333, 12.7, 14.5, 15.3175, 1.2, 1.4, 5.8, 30.4833333333333, 46.7499999999999, 89.3866666666665, 11.3, 19.4, 14.85
14.285, 14.7366666666667, 17.35, 19.2633333333333, 20.03, 5.17, 5.77333333333333, 8.4, 11.4633333333333, 12.26, 10.235, 10.9183333333333, 12.85, 14.85, 15.8075, 1.2, 1.4, 5.8, 30.4833333333333, 46.7499999999999, 89.3866666666665, 11.3, 19.4733333333333, 14.85
14.04, 14.7, 17.5, 19.5633333333333, 20.43, 5.4, 6, 8.4, 11.6266666666667, 12.26, 10.335, 10.9183333333333, 12.85, 15.1, 15.865, 1.2, 1.4, 5.8, 30.4833333333333, 46.7499999999999, 89.3866666666665, 11.2733333333333, 19.4733333333333, 14.85
14.11, 14.8366666666667, 17.7, 20, 21.1, 5.67, 6.03666666666667, 8.4, 11.5, 12.2, 10.335, 10.95, 12.95, 15.1, 15.865, 1.2, 1.4, 5.8, 30.4833333333333, 46.7499999999999, 89.3866666666665, 11.1733333333333, 19.6733333333333, 14.9366666666667
14.025, 14.8366666666667, 17.65, 19.7, 20.675, 5.7, 6, 8.4, 11.4633333333333, 11.86, 10.2425, 10.8683333333333, 13.1, 15.0633333333333, 15.7075, 1.2, 1.4, 5.8, 30.4833333333333, 46.7499999999999, 89.3866666666665, 11.3, 20, 15.1316666666667
13.855, 14.8, 17.55, 19.7, 20.675, 5.5, 6, 8.3, 11.4266666666667, 12.03, 10.185, 10.8183333333333, 12.825, 15.2316666666667, 15.5725, 1.2, 1.4, 5.8, 30.4833333333333, 46.7499999999999, 89.3866666666665, 11.3633333333333, 20.1, 15.1816666666667
12.795, 14.3733333333333, 17.6, 20.5633333333333, 21.215, 5.67, 6, 8.3, 11.3, 11.83, 9.95, 10.705, 12.825, 15.25, 15.6075, 1.2, 1.4, 5.8, 30.4833333333333, 46.7499999999999, 89.3866666666665, 11.4, 20.1, 15.2
12.795, 14.2366666666667, 17.4, 20.5, 21.345, 5.485, 6, 8.3, 11.1, 11.7, 9.535, 10.61, 12.85, 15.25, 15.6575, 1.2, 1.4, 5.8, 30.4833333333333, 46.7499999999999, 89.3866666666665, 11.4, 20.1633333333333, 15.2316666666667
12.71, 14.2366666666667, 17.25, 20.6, 22.3, 5.485, 6.03666666666667, 8.35, 10.99, 12.03, 9.535, 10.6183333333333, 12.65, 15.4633333333333, 16.2375, 1.2, 1.4, 5.8, 30.4833333333333, 46.7499999999999, 89.3866666666665, 11.4, 20.3, 15.2816666666667
13.61, 14.5733333333333, 17.25, 20.99, 22.53, 5.655, 6.21, 8.45, 11.3633333333333, 12.435, 10.235, 11.0183333333333, 12.85, 15.6816666666667, 16.775, 1.2, 1.4, 5.8, 30.4833333333333, 46.7499999999999, 89.3866666666665, 11.4, 20.3, 15.2816666666667
13.61, 14.6366666666667, 17.15, 21.48, 22.53, 5.87, 6.43666666666667, 8.55, 11.3633333333333, 13.115, 10.32, 11.0183333333333, 12.925, 15.7633333333333, 16.775, 1.2, 1.4, 5.8, 30.4833333333333, 46.7499999999999, 89.3866666666665, 11.4, 20.5633333333333, 15.4316666666667
14.225, 14.6733333333333, 17, 20.6633333333333, 22.315, 5.87, 6.4, 8.6, 11.3633333333333, 13.115, 10.6425, 11.0183333333333, 12.9, 15.6266666666667, 16.65, 1.2, 1.4, 5.8, 30.4833333333333, 46.7499999999999, 89.3866666666665, 11.4633333333333, 20.6, 15.3816666666667
14.3, 14.8, 16.9, 20.4633333333333, 22.13, 5.87, 6.4, 8.55, 11.4633333333333, 13.015, 10.7, 11.0183333333333, 12.9, 15.4266666666667, 16.6575, 1.2, 1.4, 5.8, 30.4833333333333, 46.7499999999999, 89.3866666666665, 11.4633333333333, 20.5, 15.3
14.385, 14.9, 17.05, 20.2, 21.93, 5.64, 6.33666666666667, 8.55, 11.4633333333333, 12.215, 10.785, 11.05, 12.95, 15.3316666666667, 16.4875, 1.2, 1.4, 5.8, 30.4833333333333, 46.7499999999999, 89.3866666666665, 11.4633333333333, 20.5, 15.3
14.17, 14.8, 17.15, 20.2, 20.89, 5.285, 6.3, 8.4, 11.4633333333333, 12.215, 10.64, 11, 12.9, 15.05, 16.1725, 1.2, 1.4, 5.8, 30.4833333333333, 46.7499999999999, 89.3866666666665, 11.5, 20.6, 15.5
14, 14.8, 17.25, 20.2, 21.695, 5.64, 6.23666666666667, 8.4, 11.4633333333333, 12.215, 10.7, 11.0683333333333, 12.8, 15.3316666666667, 16.565, 1.2, 1.4, 5.8, 30.4833333333333, 46.7499999999999, 89.3866666666665, 11.5, 20.6, 15.5633333333333
14.17, 15.0366666666667, 17.5, 20.4533333333333, 22.205, 5.7, 6.3, 8.3, 11.5633333333333, 12.345, 10.95, 11.2183333333333, 12.9, 15.445, 16.665, 1.2, 1.4, 5.8, 30.4833333333333, 46.7499999999999, 89.3866666666665, 11.6, 20.5633333333333, 15.4816666666667
14.455, 15.3733333333333, 17.7, 20.6, 21.59, 5.7, 6.2, 8.2, 11.69, 12.345, 11.1425, 11.3, 12.875, 15.445, 16.565, 1.2, 1.4, 5.8, 30.4833333333333, 46.7499999999999, 89.3866666666665, 11.6, 20.6, 15.5
14.425, 15.5, 17.8, 20.6, 21.59, 5.785, 6.3, 8.2, 11.5, 12.2, 11.1425, 11.3183333333333, 13.025, 15.15, 16.21, 1.2, 1.4, 5.8, 30.4833333333333, 46.7499999999999, 89.3866666666665, 11.7733333333333, 20.5, 15.4866666666667
14.425, 15.5366666666667, 17.9, 20.6633333333333, 21.59, 5.885, 6.4, 8.2, 11.5, 12.26, 11.1925, 11.5, 13.15, 15.6316666666667, 16.565, 1.2, 1.4, 5.8, 30.4833333333333, 46.7499999999999, 89.3866666666665, 11.8733333333333, 20.4, 15.3866666666667
14.425, 15.6, 17.8, 20.5633333333333, 21.59, 5.885, 6.43666666666667, 8.3, 11.6633333333333, 12.515, 11.2, 11.5, 13.15, 15.3266666666667, 16.495, 1.2, 1.4, 5.8, 30.4833333333333, 46.7499999999999, 89.3866666666665, 11.8733333333333, 20.5, 15.4366666666667
13.9, 14.7366666666667, 17.85, 20.5, 21.33, 5.985, 6.53666666666667, 8.35, 12.1633333333333, 12.6, 11.1925, 11.5366666666667, 13.2, 15.3816666666667, 16.4875, 1.2, 1.4, 5.8, 30.4833333333333, 46.7499999999999, 89.3866666666665, 11.8733333333333, 20.6, 15.4866666666667
13.9, 14.6366666666667, 17.95, 20.79, 22.445, 6.485, 6.7, 8.8, 12.1, 12.6, 11.135, 11.7, 13.375, 15.6133333333333, 16.7075, 1.2, 1.4, 5.8, 30.4833333333333, 46.7499999999999, 89.3866666666665, 11.7733333333333, 20.9733333333333, 15.6
13.9, 14.6, 17.8, 20.5, 22.32, 6.06, 6.72666666666667, 9.1, 12.2, 13.5, 10.89, 11.6133333333333, 13.45, 15.76, 16.74, 1.2, 1.4, 5.8, 30.4833333333333, 46.7499999999999, 89.3866666666665, 11.7, 21, 15.6
14.16, 14.88, 17.7, 20.4, 22.06, 5.5, 6.6, 9.1, 12.2, 12.88, 10.75, 11.6133333333333, 13.55, 15.55, 16.7, 1.2, 1.4, 5.8, 30.4833333333333, 46.7499999999999, 89.3866666666665, 11.7, 21.1, 15.7233333333333
14.2, 15.1, 18.2, 20.5733333333333, 22.06, 5.82, 6.62666666666667, 9, 12.2, 12.64, 10.73, 11.5, 13.65, 15.55, 16.7, 1.2, 1.4, 5.8, 30.4833333333333, 46.7499999999999, 89.3866666666665, 11.9733333333333, 21.0733333333333, 15.6866666666667
14.68, 15.2, 18.2, 21.0733333333333, 22.46, 5.9, 6.62666666666667, 8.8, 11.8933333333333, 12.64, 10.73, 11.4633333333333, 13.55, 15.5866666666667, 16.7, 1.2, 1.4, 5.8, 30.4833333333333, 46.7499999999999, 89.3866666666665, 11.9733333333333, 21.1733333333333, 15.7866666666667
14.94, 15.3266666666667, 18.2, 21.4733333333333, 22.72, 5.98, 6.6, 8.5, 11.5733333333333, 12.36, 10.79, 11.34, 13.55, 15.9833333333333, 16.66, 1.2, 1.4, 5.8, 30.4833333333333, 46.7499999999999, 89.3866666666665, 12.0733333333333, 21.3, 16.0233333333333
14.9, 15.4733333333333, 18.2, 21.5633333333333, 22.715, 6.085, 6.63666666666667, 8.65, 11.2633333333333, 12.26, 10.835, 11.5, 13.525, 15.95, 16.53, 1.2, 1.4, 5.8, 30.4833333333333, 46.7499999999999, 89.3866666666665, 12.1, 21.2, 16.0233333333333
14.87, 15.7, 18.2, 21.7633333333333, 22.8, 6.185, 6.63666666666667, 8.6, 11.0166666666667, 11.93, 10.935, 11.5183333333333, 13.375, 15.9316666666667, 16.715, 1.2, 1.4, 5.8, 30.4833333333333, 46.7499999999999, 89.3866666666665, 12.2, 21.3, 16.05
14.985, 15.6366666666667, 18.05, 21.6266666666667, 22.8, 6.085, 6.63666666666667, 8.7, 11.6, 12.345, 11.035, 11.4733333333333, 13.35, 15.9316666666667, 16.8375, 1.2, 1.4, 5.8, 30.4833333333333, 46.7499999999999, 89.3866666666665, 12.2, 21.5733333333333, 16.2
14.855, 15.4, 18.05, 21.7633333333333, 22.845, 6.2, 6.53666666666667, 8.9, 11.7633333333333, 12.6, 11.0925, 11.455, 13.375, 16.1633333333333, 16.8375, 1.2, 1.4, 5.8, 30.4833333333333, 46.7499999999999, 89.3866666666665, 12.2, 21.9, 16.4
14.6, 15.3366666666667, 17.8, 21.7633333333333, 23.8, 5.97, 6.5, 9.1, 12.2266666666667, 12.815, 10.8925, 11.4, 13.35, 16.65, 17.7725, 1.2, 1.4, 5.8, 30.4833333333333, 46.7499999999999, 89.3866666666665, 12.2, 21.9, 16.4366666666667
14.555, 15.4, 17.9, 22.2433333333333, 24.69, 6.085, 6.5, 9.1, 12.3, 13.02, 10.8925, 11.4, 13.425, 16.6816666666667, 17.9, 1.2, 1.4, 5.8, 30.4833333333333, 46.7499999999999, 89.3866666666665, 12.2, 22.4733333333333, 16.7366666666667
14.185, 15.3, 18.2, 22.17, 24.615, 6.285, 6.7, 9.25, 12.6, 13.8, 11.0275, 11.4866666666667, 13.575, 16.7816666666667, 17.9, 1.2, 1.4, 5.8, 30.4833333333333, 46.7499999999999, 89.3866666666665, 12.2733333333333, 22.5733333333333, 16.7866666666667
14.185, 15.3366666666667, 18.5, 23.6633333333333, 24.775, 6.385, 6.97333333333333, 9.4, 12.6, 13.715, 11.0925, 11.6683333333333, 13.8, 17.0816666666667, 18.0125, 1.2, 1.4, 5.8, 30.4833333333333, 46.7499999999999, 89.3866666666665, 12.3, 22.6, 16.8866666666667
14.94, 15.6733333333333, 18.45, 23.5533333333333, 24.79, 6.585, 7.23666666666667, 9.55, 12.7633333333333, 13.8, 11.235, 11.8183333333333, 14.05, 17.2766666666667, 18.74, 1.2, 1.4, 5.8, 30.4833333333333, 46.7499999999999, 89.3866666666665, 12.5, 22.5733333333333, 16.9733333333333
15.17, 16.1366666666667, 18.75, 22.6633333333333, 24.43, 6.87, 7.33666666666667, 9.5, 12.8633333333333, 14, 11.5925, 12.0683333333333, 14.15, 17.0816666666667, 18.14, 1.2, 1.4, 5.8, 30.4833333333333, 46.7499999999999, 89.3866666666665, 12.6, 22.5, 17.05
15.46, 16.0266666666667, 19.2, 22.9733333333333, 24.44, 6.98, 7.4, 9.7, 12.6, 13.64, 11.64, 12.2133333333333, 14.35, 17.3366666666667, 18.05, 1.2, 1.4, 5.8, 30.4833333333333, 46.7499999999999, 89.3866666666665, 12.6, 22.5733333333333, 17.05
15.24, 16.0266666666667, 18.8, 22.9733333333333, 24.42, 6.98, 7.4, 9.7, 12.6733333333333, 13.3, 11.52, 11.9633333333333, 14.25, 17.3366666666667, 18.08, 1.2, 1.4, 5.8, 30.4833333333333, 46.7499999999999, 89.3866666666665, 12.8733333333333, 22.5733333333333, 17.1866666666667
15.38, 15.8533333333333, 18.4, 22.9, 24.42, 6.88, 7.22666666666667, 9.6, 12.5733333333333, 13.36, 11.56, 11.8633333333333, 14.15, 17.3733333333333, 18.29, 1.2, 1.4, 5.8, 30.4833333333333, 46.7499999999999, 89.3866666666665, 12.9, 22.9, 17.35
15.24, 15.7266666666667, 18.8, 22.62, 24.26, 6.8, 7.32666666666667, 9.6, 12.5733333333333, 13.68, 11.37, 11.8633333333333, 14.2, 17.3366666666667, 18.16, 1.2, 1.4, 5.8, 30.4833333333333, 46.7499999999999, 89.3866666666665, 13, 22.9, 17.4
15.24, 15.7266666666667, 18.6, 22.7666666666667, 24.26, 6.88, 7.32666666666667, 10, 12.9, 13.36, 11.24, 11.9, 14.3, 17.4, 18.24, 1.2, 1.4, 5.8, 30.4833333333333, 46.7499999999999, 89.3866666666665, 13.2, 22.9, 17.3866666666667
15.255, 15.8, 18.4, 21.6633333333333, 24.2, 6.9, 7.4, 10, 13.1266666666667, 13.43, 11.4, 11.9, 14.225, 16.9216666666667, 18.23, 1.2, 1.4, 5.8, 30.4833333333333, 46.7499999999999, 89.3866666666665, 13.2, 22.9, 17.45
15.4, 16.3, 18.45, 21.7, 24.03, 7.07, 7.6, 10.1, 13.2, 13.83, 11.7425, 12.15, 14.6, 17.295, 18.1725, 1.2, 1.4, 5.8, 30.4833333333333, 46.7499999999999, 89.3866666666665, 13.3, 22.9, 17.55
15.785, 16.4, 18.85, 22.08, 25.015, 7.5, 7.83666666666667, 10.6, 13.2, 14.315, 11.985, 12.4183333333333, 14.725, 17.5316666666667, 18.6, 1.2, 1.4, 5.8, 30.4833333333333, 46.7499999999999, 89.3866666666665, 13.3, 22.9733333333333, 17.66
15.655, 16.3366666666667, 18.9, 22.7166666666667, 25.015, 7.585, 8, 10.75, 13.3, 14.4, 12.15, 12.7183333333333, 14.825, 17.55, 18.6975, 1.2, 1.4, 5.8, 30.4833333333333, 46.7499999999999, 89.3866666666665, 13.3, 23, 17.6866666666667
15.3, 16.1, 19.05, 22.9633333333333, 24.745, 7.685, 8, 10.9, 13.3, 14.4, 12.15, 12.75, 14.9, 17.55, 18.6675, 1.2, 1.4, 5.8, 30.4833333333333, 46.7499999999999, 89.3866666666665, 13.3, 23.1, 17.75
15.47, 16.3, 19.4, 23.0633333333333, 24.76, 7.785, 8.2, 11.1, 13.69, 14.915, 12.1925, 12.9866666666667, 15.1, 17.8633333333333, 19.05, 1.2, 1.4, 5.8, 30.4833333333333, 46.7499999999999, 89.3866666666665, 13.3633333333333, 23.1, 17.75
15.5, 16.7, 19.7, 23.0633333333333, 25.415, 7.8, 8.2, 11.3, 13.8633333333333, 15.2, 12.35, 13.2, 15.25, 17.9316666666667, 19.08, 1.2, 1.4, 5.8, 30.4833333333333, 46.7499999999999, 89.3866666666665, 13.4, 23.1, 17.8
15.385, 16.1733333333333, 19.8, 23.1, 24.515, 7.885, 8.2, 10.95, 13.7266666666667, 15.2, 12.3275, 12.9866666666667, 15.25, 17.8316666666667, 19.05, 1.2, 1.4, 5.8, 30.4833333333333, 46.7499999999999, 89.3866666666665, 13.5, 23.2, 17.8316666666667
15.385, 16.7366666666667, 19.85, 23.2633333333333, 24.7, 7.985, 8.2, 10.7, 13.8633333333333, 15.23, 12.1475, 13.0183333333333, 15.325, 17.9133333333333, 19.05, 1.2, 1.4, 5.8, 30.4833333333333, 46.7499999999999, 89.3866666666665, 13.5, 23.5633333333333, 17.9316666666667
15.485, 16.8366666666667, 19.9, 23.6633333333333, 24.73, 7.755, 8.13666666666667, 10.5, 13.7266666666667, 15.4, 12.2125, 12.9183333333333, 15.125, 18.34, 19.08, 1.2, 1.4, 5.8, 30.4833333333333, 46.7499999999999, 89.3866666666665, 13.5, 23.8266666666667, 18.0133333333333
15.57, 16.7366666666667, 19.75, 23.9166666666667, 24.99, 7.8, 8.2, 10.5, 13.5, 15.23, 12.335, 12.9683333333333, 15.125, 18.15, 19.415, 1.2, 1.4, 5.8, 30.4833333333333, 46.7499999999999, 89.3866666666665, 13.8, 24, 18.2816666666667
15.4, 16.6366666666667, 19.6, 24.0266666666667, 24.99, 7.755, 8.23666666666667, 10.5, 13.3633333333333, 14.415, 12.2125, 12.8683333333333, 15.125, 18.2766666666667, 19.415, 1.2, 1.4, 5.8, 30.4833333333333, 46.7499999999999, 89.3866666666665, 14, 24.1633333333333, 18.45
15.4, 16.7, 19.6, 24.1633333333333, 25.53, 7.755, 8.3, 10.7, 13.6266666666667, 15.415, 12.335, 12.9366666666667, 15.35, 18.1133333333333, 19.415, 1.2, 1.4, 5.8, 30.4833333333333, 46.7499999999999, 89.3866666666665, 14.0633333333333, 24, 18.4133333333333
15.885, 16.7, 19.65, 24.4266666666667, 25.715, 7.8, 8.43666666666667, 10.75, 13.6266666666667, 14.5, 12.5775, 13.1, 15.275, 18.2133333333333, 19.635, 1.2, 1.4, 5.8, 30.4833333333333, 46.7499999999999, 89.3866666666665, 14.1, 24.2, 18.45
16.1, 16.8366666666667, 19.75, 24.5, 26.01, 8.255, 8.8, 10.95, 14.0633333333333, 15.5, 12.8125, 13.3, 15.45, 18.3133333333333, 20.8175, 1.2, 1.4, 5.8, 30.4833333333333, 46.7499999999999, 89.3866666666665, 14.2, 24.3, 18.6316666666667
16.185, 16.9366666666667, 19.75, 24.6266666666667, 27.745, 7.7, 8.43666666666667, 11.25, 14.2266666666667, 15.5, 12.4425, 13.1, 15.6, 18.5766666666667, 20.7875, 1.2, 1.4, 5.8, 30.4833333333333, 46.7499999999999, 89.3866666666665, 14.2633333333333, 24.5, 18.9816666666667
16.2, 16.6733333333333, 19.5, 24.89, 27.275, 7.7, 8.23666666666667, 11.25, 14.7533333333333, 15.89, 12.3925, 13.1, 15.425, 19.0633333333333, 21.03, 1.2, 1.4, 5.8, 30.4833333333333, 46.7499999999999, 89.3866666666665, 14.4, 24.6633333333333, 19.1
16.2, 16.9, 19.5, 24.4266666666667, 26.545, 7.6, 7.87333333333333, 11, 14.7266666666667, 15.875, 12.235, 13.1, 15.3, 19.0633333333333, 20.83, 1.2, 1.4, 5.8, 30.4833333333333, 46.7499999999999, 89.3866666666665, 14.4633333333333, 24.9633333333333, 19.1
16.125, 16.6, 19.6, 24.4266666666667, 26.83, 7.685, 7.87333333333333, 11, 14.8633333333333, 15.875, 12.335, 13, 15.4, 19.2633333333333, 20.7575, 1.2, 1.4, 5.8, 30.4833333333333, 46.7499999999999, 89.3866666666665, 14.5, 25.1, 19.2733333333333
15.7, 16.4733333333333, 19.75, 24.5633333333333, 26.63, 7.685, 8.27333333333333, 11, 14.6633333333333, 15.8, 12.3925, 13.1183333333333, 15.375, 19.2633333333333, 20.325, 1.2, 1.4, 5.8, 30.4833333333333, 46.7499999999999, 89.3866666666665, 14.5, 25.1733333333333, 19.2
15.7, 16.4733333333333, 19.9, 25.4266666666667, 26.83, 7.97, 8.57333333333333, 11, 14.7633333333333, 15.915, 12.835, 13.2183333333333, 15.4, 19.6633333333333, 20.7575, 1.2, 1.4, 5.8, 30.4833333333333, 46.7499999999999, 89.3866666666665, 14.6, 25.2, 19.2733333333333
15.87, 16.9366666666667, 20, 26.0066666666667, 27.15, 8.385, 8.9, 11.1, 14.7633333333333, 16.045, 12.9775, 13.2683333333333, 15.8, 19.6816666666667, 20.765, 1.2, 1.4, 5.8, 30.4833333333333, 46.7499999999999, 89.3866666666665, 14.8733333333333, 25.6, 19.55
15.87, 16.7366666666667, 20.1, 26.49, 28.115, 8.4, 8.93666666666667, 11.3, 14.89, 16, 13.15, 13.5683333333333, 15.925, 19.9133333333333, 21.765, 1.2, 1.4, 5.8, 30.4833333333333, 46.7499999999999, 89.3866666666665, 15, 25.7466666666667, 19.6866666666667
16.54, 17.3266666666667, 20.2, 26.3, 28.04, 8.56, 9.02666666666667, 11.4, 15.2933333333333, 16.5, 13.42, 13.7133333333333, 15.95, 19.9866666666667, 21.77, 1.2, 1.4, 5.8, 30.4833333333333, 46.7499999999999, 89.3866666666665, 15.2, 26.12, 19.85
16.2, 17.3266666666667, 19.9, 26.3, 27.84, 8.4, 9.12666666666667, 11.6, 15.3733333333333, 16.5, 13.28, 13.6633333333333, 15.95, 19.9366666666667, 21.59, 1.2, 1.4, 5.8, 30.4833333333333, 46.7499999999999, 89.3866666666665, 15.3, 26.1733333333333, 19.85
16.54, 17.4, 20.5, 25.2, 27.62, 8.38, 9.2, 11.7, 15, 16.08, 13.28, 13.6633333333333, 16, 19.1866666666667, 21.18, 1.2, 1.4, 5.8, 30.4833333333333, 46.7499999999999, 89.3866666666665, 15.3733333333333, 26.1733333333333, 19.9366666666667
16.52, 17.4, 20.6, 26.5466666666667, 27.72, 8.78, 9.2, 12, 15, 16, 13.55, 13.8766666666667, 16.35, 19.6966666666667, 21.18, 1.2, 1.4, 5.8, 30.4833333333333, 46.7499999999999, 89.3866666666665, 15.4, 26.2, 19.9416666666667
16.2, 17.4, 20.7, 26.12, 27.72, 9, 9.3, 12.2, 15.3, 16.24, 13.22, 13.95, 16.6, 20.0466666666667, 21.32, 1.2, 1.4, 5.8, 30.4833333333333, 46.7499999999999, 89.3866666666665, 15.6, 26.3, 20.2416666666667
16.17, 17.0466666666667, 20.95, 26.5266666666667, 28.015, 9.1, 9.33666666666667, 12.2, 15.3633333333333, 16.115, 13.0275, 14.05, 16.675, 20.4166666666667, 21.8, 1.2, 1.4, 5.8, 30.4833333333333, 46.7499999999999, 89.3866666666665, 15.8, 26.5666666666667, 20.5666666666667
16.17, 17.11, 20.75, 26.6633333333333, 28.015, 9, 9.3, 12.2, 15.6633333333333, 16.43, 13.05, 14.05, 16.7, 20.6, 21.83, 1.2, 1.4, 5.8, 30.4833333333333, 46.7499999999999, 89.3866666666665, 16.0933333333333, 26.8, 20.9433333333333
15.7, 16.8, 20.5, 26.49, 28.13, 8.885, 9.2, 12.5, 15.9266666666667, 16.76, 12.9, 13.71, 16.625, 20.6, 21.83, 1.2, 1.4, 5.8, 30.4833333333333, 46.7499999999999, 89.3866666666665, 16.2933333333333, 27.2, 21.2516666666667
15.94, 16.8266666666667, 20.5, 26.1733333333333, 27.98, 8.76, 9.2, 12.5, 15.9466666666667, 17.22, 13.02, 13.5633333333333, 16.6, 20.5466666666667, 22.03, 1.2, 1.4, 5.8, 30.4833333333333, 46.7499999999999, 89.3866666666665, 16.4933333333333, 27.5133333333333, 21.4633333333333
16.02, 17.1533333333333, 20.6, 26.6666666666667, 28.5, 8.76, 9.2, 12.6, 16.22, 16.86, 13.02, 13.6533333333333, 16.85, 20.6366666666667, 22.55, 1.2, 1.4, 5.8, 30.4833333333333, 46.7499999999999, 89.3866666666665, 16.6, 27.5133333333333, 21.6
15.7, 17.0266666666667, 20.7, 27.0933333333333, 28.82, 8.4, 9, 12.9, 16.6, 17.22, 12.88, 13.8266666666667, 17.15, 21.3866666666667, 22.58, 1.2, 1.4, 5.8, 30.4833333333333, 46.7499999999999, 89.3866666666665, 16.6, 27.6, 21.6133333333333
16.475, 17.55, 21.2, 28.4, 31.225, 8.4, 9.2, 13.4, 17.2, 18.6, 13.3375, 13.9583333333333, 17.35, 22.3, 23.4875, 1.2, 1.4, 5.8, 30.4833333333333, 46.7499999999999, 89.3866666666665, 16.8933333333333, 27.7, 21.8
16.67, 17.9066666666667, 21.5, 29.1666666666667, 32.04, 9, 9.75, 13.5, 17.2, 18.6, 13.35, 14.41, 17.65, 22.55, 24.165, 1.2, 1.4, 5.8, 30.4833333333333, 46.7499999999999, 89.3866666666665, 17.1, 27.7, 22.0566666666667
16.52, 17.9066666666667, 22.1, 29.2933333333333, 32.07, 9.44, 10.2266666666667, 13.7, 17.9, 18.86, 13.92, 14.5633333333333, 17.85, 22.9, 25.165, 1.2, 1.4, 5.8, 30.4833333333333, 46.7499999999999, 89.3866666666665, 17.1, 27.7, 22.0566666666667
17.27, 18.1066666666667, 21.8, 29.2933333333333, 32.28, 9.36, 10.3266666666667, 13.9, 17.9, 19.14, 13.92, 14.5166666666667, 17.85, 22.9, 25.335, 1.2, 1.4, 5.8, 30.4833333333333, 46.7499999999999, 89.3866666666665, 17.1, 27.8133333333333, 22.1
17.465, 18.0933333333333, 21.7, 28.7033333333333, 31.67, 10.075, 10.5166666666667, 13.85, 17.9833333333333, 19.825, 14.195, 14.7483333333333, 17.75, 22.61, 25.005, 1.2, 1.4, 5.8, 30.4833333333333, 46.7499999999999, 89.3866666666665, 17.2, 27.9266666666667, 22.1
16.55, 17.7066666666667, 21.6, 28.1933333333333, 31.68, 10.28, 10.5266666666667, 13.6, 17.3, 19.12, 14.21, 14.7033333333333, 17.65, 22.1, 24.865, 1.2, 1.4, 5.8, 30.4833333333333, 46.7499999999999, 89.3866666666665, 17.2933333333333, 28.2266666666667, 22.3133333333333
17.075, 17.7, 21.65, 27.8833333333333, 29.1, 10.28, 10.5266666666667, 13.6, 17.52, 18.34, 14.0375, 14.5083333333333, 17.625, 22.4416666666667, 23.85, 1.2, 1.4, 5.8, 30.4833333333333, 46.7499999999999, 89.3866666666665, 17.2, 28.2266666666667, 22.3133333333333
17.28, 17.88, 21.6, 27.3466666666667, 28.58, 9.96, 10.5, 13.5, 17.2733333333333, 18.2, 14.04, 14.55, 17.6, 21.66, 22.63, 1.2, 1.4, 5.8, 30.4833333333333, 46.7499999999999, 89.3866666666665, 17.2, 28.5, 22.4016666666667
17.1, 17.7266666666667, 21.6, 27.4, 28.92, 10, 10.5266666666667, 13.3, 17.2, 18.12, 14.09, 14.55, 17.7, 21.5366666666667, 22.63, 1.2, 1.4, 5.8, 30.4833333333333, 46.7499999999999, 89.3866666666665, 17.3, 28.2066666666667, 22.3033333333333
17.47, 18.1, 21.8, 27.8433333333333, 30.03, 9.97, 10.6, 13.5, 17.2633333333333, 17.845, 14.185, 14.605, 17.75, 21.9533333333333, 23.5475, 1.2, 1.4, 5.8, 30.4833333333333, 46.7499999999999, 89.3866666666665, 17.3, 28.2, 22.1016666666667
17.7, 18.3, 21.65, 28.59, 30.305, 9.8, 10.6366666666667, 13.7, 17.2, 17.86, 14.4125, 14.7366666666667, 17.775, 22.4816666666667, 23.9725, 1.2, 1.4, 5.8, 30.4833333333333, 46.7499999999999, 89.3866666666665, 17.2, 28.1, 22.0966666666667
17.6, 18.2366666666667, 21.65, 28.8266666666667, 30.305, 9.7, 10.6366666666667, 13.8, 16.9266666666667, 17.545, 14.37, 14.8, 17.95, 21.495, 24.1525, 1.2, 1.4, 5.8, 30.4833333333333, 46.7499999999999, 89.3866666666665, 17.2, 27.7933333333333, 21.8
17.3, 17.9, 21.85, 28.9533333333333, 30.93, 9.785, 10.8, 13.8, 17, 17.415, 14.185, 14.7683333333333, 17.975, 22.0216666666667, 24.51, 1.2, 1.4, 5.8, 30.4833333333333, 46.7499999999999, 89.3866666666665, 17.1, 27.5, 21.55
17.385, 18.2, 21.85, 28.4533333333333, 30.93, 9.785, 10.5366666666667, 13.8, 17.1633333333333, 18.615, 14.4, 14.9683333333333, 17.9, 22.4033333333333, 24.51, 1.2, 1.4, 5.8, 30.4833333333333, 46.7499999999999, 89.3866666666665, 17.1, 27.5, 21.55
17.3, 18.2733333333333, 21.9, 27.6633333333333, 30.73, 10.04, 10.7366666666667, 13.8, 16.9633333333333, 18.09, 14.4, 15.1683333333333, 18, 21.8, 23.525, 1.2, 1.4, 5.8, 30.4833333333333, 46.7499999999999, 89.3866666666665, 17.1733333333333, 27.4733333333333, 21.5866666666667
17.3, 18.4, 22, 27.5633333333333, 29.68, 10.185, 11.0366666666667, 13.8, 16.9633333333333, 18, 14.4, 15.355, 18.05, 21.69, 23.1075, 1.2, 1.4, 5.8, 30.4833333333333, 46.7499999999999, 89.3866666666665, 17.1, 27.3466666666667, 21.5366666666667
17.38, 18.68, 22, 27.42, 30.7, 10.36, 11.1266666666667, 13.9, 17, 18, 14.83, 15.55, 18.05, 21.2366666666667, 23.11, 1.2, 1.4, 5.8, 30.4833333333333, 46.7499999999999, 89.3866666666665, 17, 27.1833333333333, 21.4416666666667
17.4, 19.0533333333333, 22, 26.3933333333333, 29.98, 10.28, 11.1266666666667, 13.9, 17.0733333333333, 18.12, 14.68, 15.2633333333333, 18.15, 20.56, 23.11, 1.2, 1.4, 5.8, 30.4833333333333, 46.7499999999999, 89.3866666666665, 17.0833333333333, 26.9933333333333, 21.3833333333333
17.14, 18, 22.2, 26.6466666666667, 29.98, 10.14, 11.2, 14, 16.9733333333333, 18, 14.15, 14.9766666666667, 18.3, 21.3033333333333, 23.11, 1.2, 1.4, 5.8, 30.4833333333333, 46.7499999999999, 89.3866666666665, 17, 26.7, 20.9616666666667
17.06, 17.78, 21.8, 26.6466666666667, 29.56, 10.14, 11.0266666666667, 13.9, 17, 18.32, 14.14, 14.9133333333333, 18.25, 21.3033333333333, 23.11, 1.2, 1.4, 5.8, 30.4833333333333, 46.7499999999999, 89.3866666666665, 17, 26.7266666666667, 21.3066666666667
16.98, 17.78, 21.2, 26.2, 29.26, 9.78, 10.8266666666667, 13.6, 17, 18.3, 14.02, 14.7133333333333, 17.5, 21.3033333333333, 22.27, 1.2, 1.4, 5.8, 30.4833333333333, 46.7499999999999, 89.3866666666665, 17, 26.7266666666667, 21.4066666666667
17.18, 18, 21.2, 26.2, 28.8, 9.8, 10.8, 13.55, 17.2, 18.315, 13.9, 14.7533333333333, 17.45, 21.3033333333333, 22.26, 1.2, 1.4, 5.8, 30.4833333333333, 46.7499999999999, 89.3866666666665, 17, 26.7266666666667, 21.45
17.475, 18.2166666666667, 21.15, 26.1166666666667, 28.725, 10.14, 10.9266666666667, 13.6, 17.1733333333333, 18.06, 14.1875, 15.075, 17.45, 20.8666666666667, 21.8, 1.2, 1.4, 5.8, 30.4833333333333, 46.7499999999999, 89.3866666666665, 17.1033333333333, 26.6, 21.45
17.67, 18.7133333333333, 21.2, 24.98, 27.02, 10.725, 11.1, 13.7, 16.9666666666667, 17.675, 14.935, 15.3, 17.45, 20.1966666666667, 21.515, 1.2, 1.4, 5.8, 30.4833333333333, 46.7499999999999, 89.3866666666665, 17, 26.6233333333333, 21.45
17.665, 18.99, 21.5, 25.7, 27.64, 11.05, 11.3, 14, 16.9666666666667, 17.625, 15.215, 15.75, 17.6, 20.96, 21.735, 1.2, 1.4, 5.8, 30.4833333333333, 46.7499999999999, 89.3866666666665, 17.0033333333333, 26.7, 21.45
17.83, 18.7, 21.8, 26.7066666666667, 28.57, 11.2, 12.2333333333333, 14.2, 16.9666666666667, 17.625, 15.6325, 16.1966666666667, 18.075, 21.3516666666667, 22.5125, 1.2, 1.4, 5.8, 30.4833333333333, 46.7499999999999, 89.3866666666665, 17.3, 26.7, 21.55
18.11, 18.9133333333333, 22.1, 27.1666666666667, 28.73, 11.975, 12.6, 14.6, 17, 18, 15.735, 16.4, 18.35, 21.45, 23.03, 1.2, 1.4, 5.8, 30.4833333333333, 46.7499999999999, 89.3866666666665, 17.4933333333333, 27.1133333333333, 21.6
18.04, 18.9133333333333, 22.4, 27.5, 29, 12.1, 12.6333333333333, 14.75, 17.1833333333333, 18, 15.65, 16.2566666666667, 18.6, 22.02, 23.175, 1.2, 1.4, 5.8, 30.4833333333333, 46.7499999999999, 89.3866666666665, 17.3933333333333, 27.3266666666667, 21.75
18.3, 19.1166666666667, 22.2, 27.9, 29.7, 12.1, 12.4266666666667, 14.9, 17.2, 18.02, 15.6875, 16.1166666666667, 18.625, 22.4583333333333, 23.375, 1.2, 1.4, 5.8, 30.4833333333333, 46.7499999999999, 89.3866666666665, 17.5, 27.3266666666667, 21.75
18.46, 19.2, 22.2, 27.8466666666667, 31, 12.1, 12.8, 14.9, 17.2733333333333, 18.02, 15.69, 16.24, 18.7, 22.1966666666667, 23.48, 1.2, 1.4, 5.8, 30.4833333333333, 46.7499999999999, 89.3866666666665, 17.5, 27.2133333333333, 21.7566666666667
18.48, 19.2, 22.2, 27.8, 31, 12.1, 12.8, 15.1, 17.8, 18.36, 15.65, 16.24, 18.65, 22.55, 23.17, 1.2, 1.4, 5.8, 30.4833333333333, 46.7499999999999, 89.3866666666665, 17.5933333333333, 27.3266666666667, 21.8333333333333
18.26, 19.1266666666667, 22.2, 27.9466666666667, 30.2, 12, 12.48, 15.1, 17.8, 18.3, 15.57, 16.0633333333333, 18.65, 22.55, 23.21, 1.2, 1.4, 5.8, 30.4833333333333, 46.7499999999999, 89.3866666666665, 17.6, 27.5033333333333, 22.15
18.3, 19.1366666666667, 22.2, 28.0633333333333, 29.72, 11.94, 12.4733333333333, 15.1, 17.7266666666667, 18.33, 15.57, 16.1683333333333, 18.625, 22.55, 23.4075, 1.2, 1.4, 5.8, 30.4833333333333, 46.7499999999999, 89.3866666666665, 17.6933333333333, 27.7, 22.2516666666667
18, 19.3, 22.3, 28.0633333333333, 30.315, 11.585, 12.4, 15.2, 18, 18.515, 15.385, 16.2, 18.65, 22.5816666666667, 23.4725, 1.2, 1.4, 5.8, 30.4833333333333, 46.7499999999999, 89.3866666666665, 17.8, 27.7, 22.2966666666667
18.34, 19.3, 22.4, 27.8633333333333, 29.6, 11.185, 12.2, 15.3, 18.0633333333333, 18.515, 15.1925, 16.1683333333333, 18.8, 22.55, 23.4, 1.2, 1.4, 5.8, 30.4833333333333, 46.7499999999999, 89.3866666666665, 17.8, 27.5833333333333, 22.2416666666667
18.34, 19.5366666666667, 22.45, 27.4233333333333, 29.43, 11.055, 12.01, 15.25, 17.9266666666667, 18.515, 15.1425, 16.15, 18.9, 22.3, 23.4075, 1.2, 1.4, 5.8, 30.4833333333333, 46.7499999999999, 89.3866666666665, 17.8, 27.7, 22.4416666666667
18.7, 19.6, 22.6, 26.5266666666667, 28.72, 11.055, 12.01, 15.4, 17.9266666666667, 18.645, 15.1925, 16.2683333333333, 18.975, 22.15, 23.1875, 1.2, 1.4, 5.8, 30.4833333333333, 46.7499999999999, 89.3866666666665, 17.9833333333333, 27.7, 22.3833333333333
18.68, 19.5266666666667, 22.5, 26.32, 28.24, 11.38, 12.2, 15.8, 18, 18.98, 15.19, 16.3766666666667, 19.1, 22.0733333333333, 23.2, 1.2, 1.4, 5.8, 30.4833333333333, 46.7499999999999, 89.3866666666665, 18.1, 27.7733333333333, 22.5233333333333
18.68, 19.5266666666667, 22.6, 26.0733333333333, 27.94, 11.7, 12.4266666666667, 15.6, 17.8, 18.66, 15.44, 16.5266666666667, 19, 21.61, 22.55, 1.2, 1.4, 5.8, 30.4833333333333, 46.7499999999999, 89.3866666666665, 18.2, 27.7733333333333, 22.5233333333333
18.6, 19.4266666666667, 22.5, 26.32, 28.12, 11.78, 12.6266666666667, 15.5, 17.62, 18.64, 15.44, 16.5266666666667, 19, 21.8666666666667, 22.58, 1.2, 1.4, 5.8, 30.4833333333333, 46.7499999999999, 89.3866666666665, 18.2, 27.9, 22.55
18.6, 19.3, 22.7, 27.6466666666667, 28.64, 11.7, 12.7266666666667, 15.6, 17.8, 19.2, 15.48, 16.5266666666667, 19.1, 22.1866666666667, 23.91, 1.2, 1.4, 5.8, 30.4833333333333, 46.7499999999999, 89.3866666666665, 18.4, 27.9, 22.55
18.6, 19.1533333333333, 22.5, 27.6466666666667, 29.68, 11.52, 12.3533333333333, 15.6, 18.2, 19.2, 15.15, 16.1133333333333, 19.1, 22.3833333333333, 24.19, 1.2, 1.4, 5.8, 30.4833333333333, 46.7499999999999, 89.3866666666665, 18.4733333333333, 27.7, 22.55
18.225, 19.0366666666667, 23.05, 28.1633333333333, 30.03, 11.185, 12.2, 15.6, 18.5, 19.43, 15.15, 16.1183333333333, 19.3, 23.25, 24.2175, 1.2, 1.4, 5.8, 30.4833333333333, 46.7499999999999, 89.3866666666665, 18.7, 27.7, 22.55
18.225, 19.1733333333333, 23.2, 28.3266666666667, 32.015, 11.185, 12.1366666666667, 15.8, 18.5, 19.315, 15.1925, 16.1183333333333, 19.8, 23.25, 24.2175, 1.2, 1.4, 5.8, 30.4833333333333, 46.7499999999999, 89.3866666666665, 18.7, 27.8466666666667, 22.55
18.285, 19.5, 23.1, 28.8633333333333, 33.075, 11.455, 12.1366666666667, 16.05, 18.9266666666667, 19.63, 15.6425, 16.25, 19.825, 23.8816666666667, 25.7675, 1.2, 1.4, 5.8, 30.4833333333333, 46.7499999999999, 89.3866666666665, 18.8, 27.9, 22.9
18.14, 19.6, 23.05, 28.5, 32.345, 11.6, 12.2366666666667, 16.25, 19.1633333333333, 19.8, 15.6425, 16.2683333333333, 20, 23.535, 24.7725, 1.2, 1.4, 5.8, 30.4833333333333, 46.7499999999999, 89.3866666666665, 19.0833333333333, 28.1, 23.25
18.37, 19.6, 23, 28.39, 31.705, 12.085, 12.8, 16.5, 19.2633333333333, 19.83, 16.0275, 16.4183333333333, 19.85, 23.7, 24.7725, 1.2, 1.4, 5.8, 30.4833333333333, 46.7499999999999, 89.3866666666665, 19.1833333333333, 28.1, 23.2916666666667
19.185, 19.6, 23, 28.09, 31.345, 11.955, 12.9, 16.6, 19.1633333333333, 19.745, 15.82, 16.4183333333333, 19.875, 23.595, 24.58, 1.2, 1.4, 5.8, 30.4833333333333, 46.7499999999999, 89.3866666666665, 19.2, 28.1733333333333, 23.25
18.785, 19.6733333333333, 23, 28.6266666666667, 31.345, 11.47, 12.9, 16.55, 19.2633333333333, 20.03, 15.8275, 16.3366666666667, 19.85, 23.8133333333333, 24.7725, 1.2, 1.4, 5.8, 30.4833333333333, 46.7499999999999, 89.3866666666665, 19.2, 28.4, 23.2866666666667
18.7, 19.6, 23, 28.0466666666667, 30.3, 11.46, 12.8, 16.5, 19.3, 19.84, 15.4, 16.1266666666667, 19.75, 23.6233333333333, 24.56, 1.2, 1.4, 5.8, 30.4833333333333, 46.7499999999999, 89.3866666666665, 19.3, 28.5, 23.5366666666667
18.68, 19.5266666666667, 22.8, 28.62, 31.82, 11.18, 12.3066666666667, 16.4, 19.4733333333333, 20.02, 15.4, 16.1, 19.7, 23.8233333333333, 25.34, 1.2, 1.4, 5.8, 30.4833333333333, 46.7499999999999, 89.3866666666665, 19.3, 28.5, 23.2866666666667
18.7, 19.6266666666667, 22.8, 28.32, 32.76, 11.18, 12.2, 16.4, 19.4733333333333, 20.02, 15.4, 16.3, 19.75, 23.6233333333333, 25.54, 1.2, 1.4, 5.8, 30.4833333333333, 46.7499999999999, 89.3866666666665, 19.3, 28.5, 23.5866666666667
18.56, 19.6266666666667, 22.8, 28.3933333333333, 32.76, 11.46, 12.28, 16.3, 19.5, 20.12, 15.82, 16.3766666666667, 19.75, 23.2333333333333, 25.54, 1.2, 1.4, 5.8, 30.4833333333333, 46.7499999999999, 89.3866666666665, 19.3, 28.5733333333333, 23.6366666666667
18.54, 19.6266666666667, 22.8, 28.1, 30.08, 11.7, 12.5266666666667, 16.2, 19.5, 20.12, 15.81, 16.4633333333333, 19.7, 23.01, 24.67, 1.2, 1.4, 5.8, 30.4833333333333, 46.7499999999999, 89.3866666666665, 19.4, 28.5, 23.65
19, 20.1366666666667, 22.85, 28.3533333333333, 29.935, 11.955, 12.7, 16.2, 19.4633333333333, 20.015, 15.85, 16.9183333333333, 19.75, 22.995, 24.7725, 1.2, 1.4, 5.8, 30.4833333333333, 46.7499999999999, 89.3866666666665, 19.4, 28.5, 23.6366666666667
19.3, 20.1366666666667, 23, 28.3533333333333, 29.8, 12.455, 12.8366666666667, 16.2, 19.2266666666667, 19.715, 16.435, 17.1183333333333, 19.75, 22.8133333333333, 24.665, 1.2, 1.4, 5.8, 30.4833333333333, 46.7499999999999, 89.3866666666665, 19.4, 28.6733333333333, 23.6366666666667
19.685, 20.4, 23.3, 28.7266666666667, 29.935, 12.585, 13.0366666666667, 16.5, 19.0633333333333, 19.7, 16.5775, 17.5183333333333, 20.025, 23.0266666666667, 24.7725, 1.2, 1.4, 5.8, 30.4833333333333, 46.7499999999999, 89.3866666666665, 19.4, 28.8, 23.6866666666667
19.785, 20.4, 23.3, 29.1533333333333, 32.245, 12.6, 13.5366666666667, 16.55, 19.0633333333333, 19.7, 16.985, 17.6416666666667, 20.025, 23.7816666666667, 26.415, 1.2, 1.4, 5.8, 30.4833333333333, 46.7499999999999, 89.3866666666665, 19.5, 29.1, 23.9866666666667
19.8, 20.71, 23.3, 28.79, 32.245, 12.985, 14.1, 16.85, 19.3266666666667, 19.86, 17.1425, 17.8, 20.1, 23.7816666666667, 26.415, 1.2, 1.4, 5.8, 30.4833333333333, 46.7499999999999, 89.3866666666665, 19.7, 29.3, 24.2733333333333
19.8, 20.71, 23.5, 29.2266666666667, 32.415, 13.425, 14.4366666666667, 16.85, 19.4, 20.3, 17.085, 17.7683333333333, 20.225, 23.945, 26.53, 1.2, 1.4, 5.8, 30.4833333333333, 46.7499999999999, 89.3866666666665, 19.8, 29.5466666666667, 24.3733333333333
19.785, 20.4366666666667, 23.7, 29.0266666666667, 32.23, 12.6, 14.2733333333333, 17, 19.4, 20.3, 16.3275, 17.6183333333333, 20.475, 23.945, 26.53, 1.2, 1.4, 5.8, 30.4833333333333, 46.7499999999999, 89.3866666666665, 19.7733333333333, 29.3733333333333, 24.3
19.7, 20.5366666666667, 23.7, 29.0633333333333, 31.8, 12.6, 14.2366666666667, 17.1, 19.7633333333333, 20.215, 16.3275, 17.6183333333333, 20.5, 24.0633333333333, 25.295, 1.2, 1.4, 5.8, 30.4833333333333, 46.7499999999999, 89.3866666666665, 19.8, 29.3733333333333, 24.3
20.225, 20.8366666666667, 24, 29.3, 32.415, 12.6, 14.2366666666667, 17.15, 20, 20.83, 16.435, 17.7866666666667, 20.65, 24.2633333333333, 25.6175, 1.2, 1.4, 5.8, 30.4833333333333, 46.7499999999999, 89.3866666666665, 19.8, 29.8, 24.6566666666667
20.31, 21, 24.45, 31.4266666666667, 33.2, 13.11, 14.3366666666667, 17.2, 20.2, 20.83, 17.3275, 17.9683333333333, 20.925, 25.2133333333333, 26.915, 1.2, 1.4, 5.8, 30.4833333333333, 46.7499999999999, 89.3866666666665, 20, 30.0466666666667, 24.9
20.2, 20.8533333333333, 24.5, 31.52, 33.22, 13.68, 14.4266666666667, 17.5, 20.62, 21.18, 17.32, 18.1, 21, 25.3366666666667, 26.44, 1.2, 1.4, 5.8, 30.4833333333333, 46.7499999999999, 89.3866666666665, 20.1, 30.0466666666667, 24.7666666666667
20.38, 21.1266666666667, 24.3, 31.7466666666667, 34.24, 14.18, 14.7, 17.4, 20.7, 21.52, 17.82, 18.2633333333333, 20.75, 25.4733333333333, 27.28, 1.2, 1.4, 5.8, 30.4833333333333, 46.7499999999999, 89.3866666666665, 20.2, 30.1733333333333, 24.78
20.4, 21.3, 24.4, 31.4666666666667, 34.24, 14.28, 14.7, 17.6, 20.7, 21.52, 17.98, 18.5266666666667, 21.1, 25.3866666666667, 27.28, 1.2, 1.4, 5.8, 30.4833333333333, 46.7499999999999, 89.3866666666665, 20.2, 30.0466666666667, 24.8333333333333
20.06, 21.2266666666667, 24.4, 30.7666666666667, 33.52, 14.48, 15, 18.1, 20.6733333333333, 21.16, 18.22, 18.85, 21.1, 25.3866666666667, 26.88, 1.2, 1.4, 5.8, 30.4833333333333, 46.7499999999999, 89.3866666666665, 20.4, 30.2, 24.9733333333333
20.08, 20.7266666666667, 24.2, 30.0466666666667, 33.52, 14.48, 15.1533333333333, 17.9, 20.2733333333333, 20.86, 17.9, 18.6133333333333, 21, 25.0966666666667, 26.88, 1.2, 1.4, 5.8, 30.4833333333333, 46.7499999999999, 89.3866666666665, 20.5733333333333, 30.4, 25.0866666666667
20, 20.8, 24.2, 28.2633333333333, 32.675, 14.355, 15.3366666666667, 18.05, 20.2633333333333, 21.03, 17.8625, 18.5233333333333, 21.05, 24.0133333333333, 27.005, 1.2, 1.4, 5.8, 30.4833333333333, 46.7499999999999, 89.3866666666665, 20.7, 30.3466666666667, 25.1733333333333
20.17, 20.9366666666667, 24.45, 28.3, 32.09, 14.04, 15.11, 18.2, 20.2633333333333, 20.83, 17.47, 18.4183333333333, 21.25, 24.0816666666667, 26.73, 1.2, 1.4, 5.8, 30.4833333333333, 46.7499999999999, 89.3866666666665, 20.7, 30.7466666666667, 25.2866666666667
20, 20.9, 24.55, 30.09, 34.49, 14.04, 15, 18.2, 20.6, 21.4, 17.47, 18.1366666666667, 21.25, 24.6133333333333, 27.4175, 1.2, 1.4, 5.8, 30.4833333333333, 46.7499999999999, 89.3866666666665, 20.8, 30.8733333333333, 25.3866666666667
20.37, 21.2733333333333, 24.6, 30.2, 34.49, 13.67, 14.7366666666667, 17.7, 21.1, 21.7, 17.47, 18.1366666666667, 21.2, 24.745, 27.8075, 1.2, 1.4, 5.8, 30.4833333333333, 46.7499999999999, 89.3866666666665, 20.7733333333333, 30.4733333333333, 25.2
20.4, 21.5, 25.15, 30.2, 32.66, 13.5, 14.81, 17.95, 21.3266666666667, 21.8, 17.44, 18.4866666666667, 21.7, 24.745, 27.3575, 1.2, 1.4, 5.8, 30.4833333333333, 46.7499999999999, 89.3866666666665, 20.7, 30.3466666666667, 25.1466666666667
20.87, 21.8, 25.55, 30.39, 32.66, 14.095, 14.9366666666667, 18, 21.2, 21.8, 17.6, 18.605, 21.925, 25.0716666666667, 27.3575, 1.2, 1.4, 5.8, 30.4833333333333, 46.7499999999999, 89.3866666666665, 20.7, 30.2, 24.9816666666667
20.655, 21.7366666666667, 25.7, 30.8633333333333, 32.515, 14.14, 14.7, 18.25, 21.3266666666667, 21.875, 17.6, 18.3866666666667, 22.075, 25.6083333333333, 27.2225, 1.2, 1.4, 5.8, 30.4833333333333, 46.7499999999999, 89.3866666666665, 20.7633333333333, 30.2, 24.9816666666667
20.4, 21.5733333333333, 25.7, 30.9633333333333, 32.515, 14.285, 14.7, 18.3, 21.2, 22.315, 17.7275, 18.3866666666667, 22.2, 25.7633333333333, 27.23, 1.2, 1.4, 5.8, 30.4833333333333, 46.7499999999999, 89.3866666666665, 20.8, 30.6633333333333, 25.4316666666667
20.385, 21.7366666666667, 25.7, 30.5633333333333, 32.115, 14.285, 14.9366666666667, 18.4, 20.99, 21.8, 17.7275, 18.4783333333333, 22.25, 25.1266666666667, 26.215, 1.2, 1.4, 5.8, 30.4833333333333, 46.7499999999999, 89.3866666666665, 21.1, 30.5633333333333, 25.3816666666667
21.24, 21.8, 25.6, 31.2166666666667, 32.69, 14.3, 14.8366666666667, 18.4, 20.7633333333333, 21.23, 18.0125, 18.9866666666667, 22.325, 25.545, 26.6025, 1.2, 1.4, 5.8, 30.4833333333333, 46.7499999999999, 89.3866666666665, 21.1, 30.5633333333333, 25.4316666666667
20.825, 21.7, 25.5, 31.3433333333333, 33.245, 14.385, 15, 18.35, 20.8, 21.23, 18.0925, 19.0233333333333, 22.025, 25.3583333333333, 26.945, 1.2, 1.4, 5.8, 30.4833333333333, 46.7499999999999, 89.3866666666665, 21.1, 30.8633333333333, 25.6316666666667
20.995, 21.7366666666667, 25.4, 29.7, 33.245, 14.585, 15.4366666666667, 18.3, 20.8, 21.23, 18.1425, 19.1683333333333, 21.85, 24.9766666666667, 26.305, 1.2, 1.4, 5.8, 30.4833333333333, 46.7499999999999, 89.3866666666665, 21.2, 30.9633333333333, 25.7
20.995, 21.6366666666667, 25.1, 31.3966666666667, 34.26, 14.8, 15.5, 18.4, 20.7633333333333, 21.215, 18.1425, 19.0733333333333, 21.675, 25.5266666666667, 27.01, 1.2, 1.4, 5.8, 30.4833333333333, 46.7499999999999, 89.3866666666665, 21.2, 30.9633333333333, 25.7
21.185, 21.7, 25.2, 31.7633333333333, 34.66, 14.8, 15.4366666666667, 18.45, 21.0266666666667, 21.43, 18.2275, 19.055, 21.75, 25.6816666666667, 28.03, 1.2, 1.4, 5.8, 30.4833333333333, 46.7499999999999, 89.3866666666665, 21.2, 30.8633333333333, 25.6
20.485, 21.7, 25.25, 31.3333333333333, 36.145, 14.885, 15.5366666666667, 18.7, 21.2, 21.815, 18.0775, 18.9366666666667, 22.075, 25.6816666666667, 28.2, 1.2, 1.4, 5.8, 30.4833333333333, 46.7499999999999, 89.3866666666665, 21.2, 31, 25.6316666666667
20.585, 21.6366666666667, 25.3, 31.6266666666667, 36.145, 14.6, 15.5366666666667, 19.1, 21.2, 21.83, 17.9425, 19.0183333333333, 22.275, 26.1583333333333, 28.2675, 1.2, 1.4, 5.8, 30.4833333333333, 46.7499999999999, 89.3866666666665, 21.2, 30.8266666666667, 25.4816666666667
20.5, 21.7, 25.45, 31.9266666666667, 36.145, 15.225, 15.6, 19.3, 21.4633333333333, 21.83, 18.235, 19.05, 22.35, 26.4266666666667, 28.2675, 1.2, 1.4, 5.8, 30.4833333333333, 46.7499999999999, 89.3866666666665, 21.2, 30.3633333333333, 25.2766666666667
20.585, 21.9, 25.8, 31.0433333333333, 34.225, 15.225, 15.8733333333333, 19.4, 21.6, 22.015, 18.4625, 19.3183333333333, 22.575, 25.945, 27.52, 1.2, 1.4, 5.8, 30.4833333333333, 46.7499999999999, 89.3866666666665, 21.2, 30.1, 25.2766666666667
20.685, 21.9366666666667, 25.8, 31, 34.21, 15.385, 16.8, 19.3, 21.4633333333333, 21.83, 18.5425, 19.5683333333333, 22.625, 25.795, 27.3575, 1.2, 1.4, 5.8, 30.4833333333333, 46.7499999999999, 89.3866666666665, 21.2, 30.1, 25.31
20.785, 21.9, 25.4, 31, 32.545, 15.18, 16.8, 19.1, 21.3633333333333, 21.83, 18.635, 19.5183333333333, 22.375, 25.6266666666667, 26.8675, 1.2, 1.4, 5.8, 30.4833333333333, 46.7499999999999, 89.3866666666665, 21.3, 30.0466666666667, 25.3233333333333
21.3, 21.9366666666667, 25.2, 30.2166666666667, 32.3, 15.385, 16.8, 18.9, 21.3, 21.63, 18.6775, 19.7, 22.1, 25.0316666666667, 26.415, 1.2, 1.4, 5.8, 30.4833333333333, 46.7499999999999, 89.3866666666665, 21.3, 30.2466666666667, 25.5733333333333
21.3, 22.0733333333333, 25.05, 29.8, 31.12, 15.385, 16.8366666666667, 18.8, 21.0633333333333, 21.43, 19.085, 19.7, 22.075, 24.8816666666667, 25.84, 1.2, 1.4, 5.8, 30.4833333333333, 46.7499999999999, 89.3866666666665, 21.3, 30.2466666666667, 25.5733333333333
21.3, 22.1366666666667, 25, 29.5266666666667, 31, 15.385, 16.61, 18.9, 21, 21.3, 19.1425, 19.6683333333333, 22.025, 24.595, 26.2225, 1.2, 1.4, 5.8, 30.4833333333333, 46.7499999999999, 89.3866666666665, 21.3, 29.9, 25.46
21.26, 22.2533333333333, 25.1, 28.9733333333333, 30.4, 15.3, 16.3533333333333, 19.1, 21.2733333333333, 21.58, 19.14, 19.54, 22.1, 24.6233333333333, 26.23, 1.2, 1.4, 5.8, 30.4833333333333, 46.7499999999999, 89.3866666666665, 21.3, 29.9, 25.46
21.04, 22.28, 25.3, 29.2, 30.4, 15.62, 16.6066666666667, 19.2, 21.3, 21.9, 19.28, 19.54, 22.3, 25.01, 25.84, 1.2, 1.4, 5.8, 30.4833333333333, 46.7499999999999, 89.3866666666665, 21.3, 29.9, 25.2416666666667
